"country_id","country_name","country_code","region_id","currency_code","timezone","is_active"
"1","Northern Mariana Islands","EK","13","CHF","MST","0"
"2","Bouvet Island (Bouvetoya)","IC","13","EUR","UTC","1"
"3","Anguilla","GB","10","CNY","CET","0"
"4","Saint Vincent and the Grenadines","CH","7","INR","UTC","0"
"5","Falkland Islands (Malvinas)","BR","12","CHF","CST","0"
"6","Ecuador","JL","2","CAD","MST","1"
"7","Czech Republic","FG","6","INR","CST","0"
"8","Burundi","SE","9","AUD","GMT","0"
"9","Saint Pierre and Miquelon","IT","11","USD","PST","0"
"10","Bosnia and Herzegovina","IG","13","JPY","UTC","0"
"11","Philippines","MX","11","INR","AEST","0"
"12","Saint Vincent and the Grenadines","DT","5","HKD","GMT","1"
"13","Uganda","KF","10","GBP","CET","1"
"14","Mayotte","TW","2","GBP","MST","1"
"15","Benin","BJ","10","CNY","CET","1"
"16","Nauru","WA","9","BRL","CST","1"
"17","Jamaica","QC","13","AUD","MST","1"
"18","Antigua and Barbuda","YW","1","CHF","CET","0"
"19","Antarctica (the territory South of 60 deg S)","XW","9","CHF","CET","0"
"20","Bermuda","JE","3","HKD","EST","1"
"21","Cuba","AY","8","CHF","PST","0"
"22","Djibouti","WY","4","EUR","AEST","0"
"23","Madagascar","ND","13","INR","AEST","0"
"24","Netherlands","NP","5","JPY","CET","0"
"25","Anguilla","IZ","12","INR","UTC","1"
"26","Monaco","LG","9","EUR","UTC","0"
"27","Congo","OP","10","USD","CST","0"
"28","Saint Barthelemy","BA","4","CAD","CST","0"
"29","Pakistan","RF","5","GBP","AEST","0"
"30","Reunion","MK","13","EUR","CST","1"
"31","Mayotte","LM","6","BRL","EST","0"
"32","Italy","KI","1","EUR","PST","0"
"33","Cyprus","ND","4","GBP","GMT","1"
"34","Kiribati","WB","4","HKD","CST","0"
"35","Namibia","ZV","11","EUR","PST","0"
"36","Fiji","MF","7","AUD","EST","0"
"37","Sudan","AK","7","CNY","GMT","1"
"38","Trinidad and Tobago","YZ","12","HKD","AEST","0"
"39","Albania","HZ","4","SGD","CET","0"
"40","Senegal","IB","12","CNY","CET","0"
"41","Sri Lanka","YC","1","GBP","CST","0"
"42","Cayman Islands","WK","11","SGD","PST","0"
"43","Qatar","CR","10","SGD","CET","1"
"44","Jamaica","FS","5","JPY","GMT","1"
"45","Guam","RH","3","CAD","CST","0"
"46","Fiji","QO","8","EUR","CST","0"
"47","Cape Verde","GY","9","EUR","PST","1"
"48","Cuba","EV","5","BRL","GMT","0"
"49","Serbia","VH","11","INR","CST","0"
"50","Guadeloupe","DC","5","HKD","MST","1"
"51","Bosnia and Herzegovina","PS","5","JPY","GMT","1"
"52","Bermuda","XV","5","EUR","JST","1"
"53","Hong Kong","AU","1","INR","GMT","0"
"54","Bhutan","LS","12","HKD","EST","0"
"55","Guinea-Bissau","YR","2","GBP","CET","0"
"56","Tanzania","PD","6","GBP","EST","1"
"57","Guatemala","XU","6","USD","UTC","0"
"58","Netherlands","GC","11","HKD","JST","0"
"59","Estonia","WZ","4","GBP","JST","0"
"60","Sri Lanka","TI","3","AUD","PST","1"
"61","Aruba","UC","3","USD","AEST","0"
"62","Saint Lucia","VL","4","CHF","PST","0"
"63","Kuwait","RK","1","CHF","CST","1"
"64","Mauritania","QK","6","HKD","UTC","0"
"65","British Virgin Islands","WG","2","SGD","GMT","0"
"66","Uzbekistan","PI","2","CAD","JST","0"
"67","Honduras","XE","7","USD","JST","0"
"68","Belgium","YN","9","BRL","PST","1"
"69","Micronesia","BR","7","CAD","UTC","0"
"70","French Polynesia","XN","12","INR","JST","1"
"71","Switzerland","SO","7","JPY","JST","1"
"72","Niue","TE","11","SGD","GMT","1"
"73","Niger","VH","9","JPY","JST","1"
"74","Turks and Caicos Islands","LR","8","HKD","AEST","0"
"75","Tokelau","CN","11","INR","UTC","0"
"76","Guyana","GI","13","JPY","MST","0"
"77","Morocco","GM","1","EUR","AEST","1"
"78","Congo","OS","11","AUD","AEST","1"
"79","Romania","DR","4","EUR","JST","0"
"80","Bangladesh","US","3","CNY","EST","0"
"81","Aruba","LU","2","INR","CET","1"
"82","Panama","XP","13","BRL","CET","1"
"83","Denmark","LE","9","CNY","AEST","1"
"84","Sierra Leone","GQ","13","HKD","AEST","0"
"85","French Guiana","LS","5","JPY","GMT","1"
"86","Belgium","XC","6","GBP","PST","1"
"87","Timor-Leste","DF","12","AUD","JST","1"
"88","Djibouti","MB","9","AUD","JST","0"
"89","Tonga","OM","13","CAD","GMT","1"
"90","Bolivia","NT","7","SGD","PST","1"
"91","Hong Kong","HM","4","AUD","UTC","1"
"92","Fiji","EM","12","GBP","CET","0"
"93","Korea","PR","7","EUR","JST","0"
"94","North Macedonia","EG","8","CAD","PST","1"
"95","Syrian Arab Republic","IW","6","CHF","JST","1"
"96","Haiti","MT","2","USD","UTC","0"
"97","Central African Republic","BY","11","USD","EST","0"
"98","Heard Island and McDonald Islands","VQ","4","JPY","MST","1"
"99","Guinea","CY","11","CNY","GMT","1"
"100","Cote d'Ivoire","PZ","3","BRL","CST","0"
"101","Paraguay","CA","5","CHF","JST","1"
"102","Ethiopia","FP","12","INR","PST","0"
"103","Reunion","UW","12","SGD","CST","0"
"104","Vietnam","NR","6","EUR","CET","1"
"105","Pitcairn Islands","WV","1","EUR","JST","1"
"106","Oman","XL","11","GBP","JST","0"
"107","Barbados","NQ","12","SGD","CET","1"
"108","New Caledonia","LT","8","CHF","UTC","0"
"109","North Macedonia","HL","2","CNY","JST","1"
"110","Chile","MI","1","CNY","PST","1"
"111","Martinique","GH","13","SGD","GMT","0"
"112","Saint Lucia","YC","9","BRL","JST","1"
"113","Ecuador","TR","9","INR","AEST","1"
"114","Central African Republic","AH","13","AUD","PST","1"
"115","Kyrgyz Republic","PM","11","HKD","UTC","1"
"116","Hong Kong","OJ","12","CNY","GMT","1"
"117","Faroe Islands","FS","5","CAD","CST","0"
"118","Uzbekistan","FM","4","BRL","CET","1"
"119","Northern Mariana Islands","VH","2","CAD","MST","1"
"120","Portugal","SD","1","USD","EST","1"
"121","Moldova","YQ","12","CNY","CST","0"
"122","Cyprus","HM","10","CAD","MST","0"
"123","Poland","YM","5","EUR","JST","1"
"124","Greece","PR","2","GBP","MST","1"
"125","Tajikistan","ZD","2","AUD","PST","1"
"126","Seychelles","XH","8","SGD","JST","1"
"127","Singapore","QP","10","BRL","CST","0"
"128","Azerbaijan","FR","11","GBP","PST","0"
"129","Denmark","BA","9","CNY","AEST","1"
"130","Swaziland","GS","1","BRL","AEST","0"
"131","Antigua and Barbuda","GG","11","INR","PST","1"
"132","Sri Lanka","OQ","2","CHF","MST","0"
"133","Germany","EH","1","BRL","GMT","1"
"134","Iran","MH","2","AUD","GMT","1"
"135","Ethiopia","CB","8","AUD","UTC","1"
"136","Bahrain","CZ","1","SGD","EST","1"
"137","Croatia","BT","10","CNY","CET","1"
"138","United States Minor Outlying Islands","EP","5","INR","AEST","0"
"139","Western Sahara","JI","8","INR","CST","0"
"140","Montenegro","KM","6","INR","JST","0"
"141","Turkey","CG","8","EUR","JST","0"
"142","Saint Barthelemy","WM","11","USD","PST","1"
"143","Germany","TQ","10","USD","PST","1"
"144","Croatia","DH","9","BRL","AEST","0"
"145","Palau","ZP","1","JPY","MST","1"
"146","Luxembourg","AK","9","JPY","CST","1"
"147","Indonesia","QE","2","BRL","GMT","1"
"148","Turks and Caicos Islands","VZ","7","JPY","AEST","0"
"149","United States Virgin Islands","EP","7","BRL","MST","0"
"150","Norway","UW","5","CAD","CET","1"
"151","Kuwait","HH","1","SGD","AEST","0"
"152","Cambodia","OI","8","HKD","CET","1"
"153","Estonia","YW","8","BRL","PST","1"
"154","Burundi","WK","4","CAD","AEST","1"
"155","Egypt","ZU","7","INR","MST","1"
"156","Samoa","DZ","1","CAD","CST","1"
"157","Monaco","NL","2","BRL","MST","1"
"158","Mauritania","ZB","11","CHF","UTC","1"
"159","Estonia","CI","11","INR","CET","1"
"160","San Marino","QX","6","CNY","CET","0"
"161","Myanmar","BQ","10","CHF","PST","0"
"162","Japan","ZT","7","BRL","CST","1"
"163","Ukraine","SX","3","USD","UTC","0"
"164","Myanmar","JL","5","JPY","CET","1"
"165","Iran","RE","10","GBP","CST","1"
"166","Guyana","RM","10","SGD","MST","0"
"167","Cyprus","QL","8","INR","EST","1"
"168","Burundi","RE","5","CNY","UTC","1"
"169","Malawi","ZR","11","CNY","GMT","0"
"170","Lithuania","WC","7","AUD","UTC","1"
"171","Bermuda","HZ","12","INR","JST","1"
"172","Saudi Arabia","OR","1","BRL","EST","1"
"173","Australia","UF","5","CAD","PST","0"
"174","Tokelau","GT","10","INR","MST","0"
"175","Bouvet Island (Bouvetoya)","QI","11","CNY","EST","1"
"176","Cape Verde","DX","12","CAD","JST","0"
"177","Niue","DO","4","CAD","CET","1"
"178","Cayman Islands","GV","3","CNY","GMT","1"
"179","Somalia","CZ","13","GBP","PST","1"
"180","Pitcairn Islands","OC","13","AUD","EST","1"
"181","Jamaica","DJ","9","BRL","GMT","1"
"182","Nepal","YC","11","JPY","AEST","0"
"183","Bahrain","WO","10","SGD","PST","0"
"184","Hungary","VX","11","CHF","JST","0"
"185","Hong Kong","BA","3","CNY","CST","0"