"indicator_id","indicator_name","indicator_type","region_id","country_id","frequency","unit","source","is_seasonally_adjusted","notes"
"1","Morocco GDP","GDP","1","77","Daily","Ratio","Bloomberg","1","Economic indicator tracking gdp for Morocco"
"2","Estonia Inflation","Inflation","11","159","Monthly","Percentage","Census Bureau","0","Economic indicator tracking inflation for Estonia"
"3","Uzbekistan Unemployment","Unemployment","2","66","Quarterly","Currency","Bureau of Economic Analysis","1","Economic indicator tracking unemployment for Uzbekistan"
"4","Uzbekistan Interest Rate","Interest Rate","4","118","Quarterly","Index Points","OECD","1","Economic indicator tracking interest rate for Uzbekistan"
"5","Pakistan Consumer Confidence","Consumer Confidence","5","29","Monthly","Percentage","Bureau of Labor Statistics","0","Economic indicator tracking consumer confidence for Pakistan"
"6","Cote d'Ivoire Housing Starts","Housing Starts","3","100","Semi-annually","Basis Points","OECD","0","Economic indicator tracking housing starts for Cote d'Ivoire"
"7","Bouvet Island (Bouvetoya) Retail Sales","Retail Sales","13","2","Semi-annually","Basis Points","Reuters","1","Economic indicator tracking retail sales for Bouvet Island (Bouvetoya)"
"8","Jamaica Industrial Production","Industrial Production","9","181","Annually","Currency","Federal Reserve","0","Economic indicator tracking industrial production for Jamaica"
"9","Albania PMI","PMI","4","39","Semi-annually","Ratio","Bureau of Labor Statistics","0","Economic indicator tracking pmi for Albania"
"10","Palau Trade Balance","Trade Balance","1","145","Semi-annually","Ratio","World Bank","0","Economic indicator tracking trade balance for Palau"
"11","Cyprus Economic Indicator 11","Industrial Production","10","122","Weekly","Percentage","Federal Reserve","0","Economic indicator tracking industrial production for Cyprus"
"12","Japan Economic Indicator 12","Inflation","7","162","Semi-annually","Number","IMF","0","Economic indicator tracking inflation for Japan"
"13","Pitcairn Islands Economic Indicator 13","Industrial Production","13","180","Monthly","Number","Census Bureau","0","Economic indicator tracking industrial production for Pitcairn Islands"
"14","San Marino Economic Indicator 14","Industrial Production","6","160","Weekly","Number","Bureau of Economic Analysis","1","Economic indicator tracking industrial production for San Marino"
"15","Denmark Economic Indicator 15","Retail Sales","9","129","Semi-annually","Percentage","Reuters","0","Economic indicator tracking retail sales for Denmark"
"16","Mayotte Economic Indicator 16","Consumer Confidence","2","14","Daily","Index Points","Bureau of Labor Statistics","1","Economic indicator tracking consumer confidence for Mayotte"
"17","Philippines Economic Indicator 17","Retail Sales","11","11","Semi-annually","Ratio","Census Bureau","0","Economic indicator tracking retail sales for Philippines"
"18","Jamaica Economic Indicator 18","Consumer Confidence","13","17","Annually","Number","World Bank","1","Economic indicator tracking consumer confidence for Jamaica"
"19","Lithuania Economic Indicator 19","Retail Sales","7","170","Annually","Ratio","OECD","0","Economic indicator tracking retail sales for Lithuania"
"20","Djibouti Economic Indicator 20","Consumer Confidence","4","22","Quarterly","Ratio","Bloomberg","0","Economic indicator tracking consumer confidence for Djibouti"
"21","Switzerland Economic Indicator 21","Inflation","7","71","Daily","Basis Points","Federal Reserve","1","Economic indicator tracking inflation for Switzerland"
"22","Jamaica Economic Indicator 22","Retail Sales","9","181","Semi-annually","Basis Points","IMF","0","Economic indicator tracking retail sales for Jamaica"
"23","Monaco Economic Indicator 23","Unemployment","2","157","Daily","Ratio","Federal Reserve","0","Economic indicator tracking unemployment for Monaco"
"24","Tokelau Economic Indicator 24","Unemployment","10","174","Monthly","Currency","World Bank","0","Economic indicator tracking unemployment for Tokelau"
"25","Hong Kong Economic Indicator 25","PMI","12","116","Semi-annually","Ratio","Bureau of Economic Analysis","1","Economic indicator tracking pmi for Hong Kong"
"26","Mayotte Economic Indicator 26","Industrial Production","2","14","Quarterly","Index Points","Bureau of Economic Analysis","0","Economic indicator tracking industrial production for Mayotte"
"27","Estonia Economic Indicator 27","Unemployment","11","159","Weekly","Index Points","Reuters","0","Economic indicator tracking unemployment for Estonia"
"28","Mayotte Economic Indicator 28","GDP","6","31","Weekly","Percentage","IMF","0","Economic indicator tracking gdp for Mayotte"
"29","Bosnia and Herzegovina Economic Indicator 29","Consumer Confidence","5","51","Annually","Ratio","World Bank","0","Economic indicator tracking consumer confidence for Bosnia and Herzegovina"
"30","Uzbekistan Economic Indicator 30","Inflation","4","118","Semi-annually","Index Points","Bureau of Labor Statistics","0","Economic indicator tracking inflation for Uzbekistan"
"31","French Guiana Economic Indicator 31","Industrial Production","5","85","Daily","Currency","Bloomberg","0","Economic indicator tracking industrial production for French Guiana"
"32","Sri Lanka Economic Indicator 32","Housing Starts","2","132","Daily","Currency","World Bank","0","Economic indicator tracking housing starts for Sri Lanka"
"33","Estonia Economic Indicator 33","Industrial Production","8","153","Annually","Currency","Census Bureau","0","Economic indicator tracking industrial production for Estonia"
"34","Czech Republic Economic Indicator 34","Interest Rate","6","7","Quarterly","Percentage","Bloomberg","0","Economic indicator tracking interest rate for Czech Republic"
"35","Tokelau Economic Indicator 35","Trade Balance","11","75","Annually","Ratio","Bloomberg","0","Economic indicator tracking trade balance for Tokelau"
"36","Hong Kong Economic Indicator 36","Industrial Production","1","53","Semi-annually","Number","World Bank","1","Economic indicator tracking industrial production for Hong Kong"
"37","Haiti Economic Indicator 37","Industrial Production","2","96","Annually","Number","OECD","1","Economic indicator tracking industrial production for Haiti"
"38","Saint Lucia Economic Indicator 38","Interest Rate","9","112","Daily","Number","World Bank","0","Economic indicator tracking interest rate for Saint Lucia"
"39","Pitcairn Islands Economic Indicator 39","Interest Rate","13","180","Annually","Percentage","Bureau of Labor Statistics","0","Economic indicator tracking interest rate for Pitcairn Islands"
"40","Cuba Economic Indicator 40","Unemployment","5","48","Annually","Index Points","World Bank","1","Economic indicator tracking unemployment for Cuba"
"41","Bermuda Economic Indicator 41","PMI","12","171","Daily","Percentage","Bureau of Economic Analysis","1","Economic indicator tracking pmi for Bermuda"
"42","Burundi Economic Indicator 42","Retail Sales","9","8","Quarterly","Percentage","IMF","1","Economic indicator tracking retail sales for Burundi"
"43","Malawi Economic Indicator 43","Retail Sales","11","169","Weekly","Currency","Reuters","1","Economic indicator tracking retail sales for Malawi"
"44","Martinique Economic Indicator 44","PMI","13","111","Semi-annually","Number","Bureau of Economic Analysis","0","Economic indicator tracking pmi for Martinique"
"45","Bosnia and Herzegovina Economic Indicator 45","Trade Balance","13","10","Annually","Ratio","Bloomberg","0","Economic indicator tracking trade balance for Bosnia and Herzegovina"
"46","Belgium Economic Indicator 46","PMI","9","68","Annually","Index Points","Bureau of Economic Analysis","1","Economic indicator tracking pmi for Belgium"
"47","Korea Economic Indicator 47","GDP","7","93","Monthly","Currency","Census Bureau","0","Economic indicator tracking gdp for Korea"
"48","Pitcairn Islands Economic Indicator 48","Retail Sales","1","105","Weekly","Percentage","IMF","1","Economic indicator tracking retail sales for Pitcairn Islands"
"49","Albania Economic Indicator 49","Housing Starts","4","39","Annually","Ratio","Bloomberg","0","Economic indicator tracking housing starts for Albania"
"50","Kiribati Economic Indicator 50","Interest Rate","4","34","Quarterly","Percentage","Federal Reserve","1","Economic indicator tracking interest rate for Kiribati"
"51","Bangladesh Economic Indicator 51","Unemployment","3","80","Annually","Number","Reuters","1","Economic indicator tracking unemployment for Bangladesh"
"52","Timor-Leste Economic Indicator 52","PMI","12","87","Weekly","Percentage","OECD","0","Economic indicator tracking pmi for Timor-Leste"
"53","Turks and Caicos Islands Economic Indicator 53","Trade Balance","8","74","Quarterly","Number","Bureau of Economic Analysis","0","Economic indicator tracking trade balance for Turks and Caicos Islands"
"54","Serbia Economic Indicator 54","Interest Rate","11","49","Daily","Currency","Bloomberg","0","Economic indicator tracking interest rate for Serbia"
"55","Paraguay Economic Indicator 55","Unemployment","5","101","Semi-annually","Index Points","Reuters","1","Economic indicator tracking unemployment for Paraguay"
"56","Bolivia Economic Indicator 56","GDP","7","90","Monthly","Basis Points","Census Bureau","0","Economic indicator tracking gdp for Bolivia"
"57","Cayman Islands Economic Indicator 57","PMI","3","178","Weekly","Basis Points","Reuters","1","Economic indicator tracking pmi for Cayman Islands"
"58","Tokelau Economic Indicator 58","PMI","10","174","Daily","Index Points","IMF","1","Economic indicator tracking pmi for Tokelau"
"59","Vietnam Economic Indicator 59","Trade Balance","6","104","Semi-annually","Number","Reuters","1","Economic indicator tracking trade balance for Vietnam"
"60","Sri Lanka Economic Indicator 60","Trade Balance","2","132","Weekly","Ratio","Bloomberg","0","Economic indicator tracking trade balance for Sri Lanka"
"61","Tonga Economic Indicator 61","Inflation","13","89","Daily","Ratio","OECD","1","Economic indicator tracking inflation for Tonga"
"62","Morocco Economic Indicator 62","Inflation","1","77","Quarterly","Index Points","Reuters","1","Economic indicator tracking inflation for Morocco"
"63","Cape Verde Economic Indicator 63","Housing Starts","12","176","Daily","Ratio","IMF","1","Economic indicator tracking housing starts for Cape Verde"
"64","Estonia Economic Indicator 64","Trade Balance","4","59","Monthly","Basis Points","Census Bureau","1","Economic indicator tracking trade balance for Estonia"
"65","Tonga Economic Indicator 65","Unemployment","13","89","Weekly","Ratio","IMF","0","Economic indicator tracking unemployment for Tonga"
"66","Pakistan Economic Indicator 66","Consumer Confidence","5","29","Quarterly","Percentage","Federal Reserve","0","Economic indicator tracking consumer confidence for Pakistan"
"67","Benin Economic Indicator 67","Housing Starts","10","15","Monthly","Ratio","Bloomberg","1","Economic indicator tracking housing starts for Benin"
"68","Cuba Economic Indicator 68","Unemployment","5","48","Annually","Index Points","World Bank","0","Economic indicator tracking unemployment for Cuba"
"69","Kuwait Economic Indicator 69","Unemployment","1","63","Monthly","Index Points","OECD","0","Economic indicator tracking unemployment for Kuwait"
"70","Antigua and Barbuda Economic Indicator 70","Trade Balance","11","131","Annually","Ratio","Census Bureau","1","Economic indicator tracking trade balance for Antigua and Barbuda"
"71","Panama Economic Indicator 71","Inflation","13","82","Semi-annually","Basis Points","OECD","1","Economic indicator tracking inflation for Panama"
"72","Hungary Economic Indicator 72","Consumer Confidence","11","184","Monthly","Number","OECD","0","Economic indicator tracking consumer confidence for Hungary"
"73","Netherlands Economic Indicator 73","Housing Starts","11","58","Quarterly","Currency","Federal Reserve","1","Economic indicator tracking housing starts for Netherlands"
"74","Guadeloupe Economic Indicator 74","Trade Balance","5","50","Annually","Ratio","OECD","1","Economic indicator tracking trade balance for Guadeloupe"
"75","Jamaica Economic Indicator 75","Industrial Production","13","17","Quarterly","Number","IMF","1","Economic indicator tracking industrial production for Jamaica"
"76","Bouvet Island (Bouvetoya) Economic Indicator 76","Industrial Production","13","2","Quarterly","Ratio","World Bank","0","Economic indicator tracking industrial production for Bouvet Island (Bouvetoya)"
"77","Guam Economic Indicator 77","GDP","3","45","Daily","Index Points","Bureau of Labor Statistics","1","Economic indicator tracking gdp for Guam"
"78","Sri Lanka Economic Indicator 78","Retail Sales","2","132","Quarterly","Index Points","Bloomberg","0","Economic indicator tracking retail sales for Sri Lanka"
"79","Fiji Economic Indicator 79","Inflation","8","46","Quarterly","Ratio","Reuters","1","Economic indicator tracking inflation for Fiji"
"80","Burundi Economic Indicator 80","Trade Balance","9","8","Daily","Index Points","OECD","1","Economic indicator tracking trade balance for Burundi"
"81","Pitcairn Islands Economic Indicator 81","Industrial Production","13","180","Daily","Currency","Census Bureau","0","Economic indicator tracking industrial production for Pitcairn Islands"
"82","Tanzania Economic Indicator 82","Interest Rate","6","56","Quarterly","Ratio","Bloomberg","0","Economic indicator tracking interest rate for Tanzania"
"83","Guinea-Bissau Economic Indicator 83","GDP","2","55","Weekly","Number","Bloomberg","0","Economic indicator tracking gdp for Guinea-Bissau"
"84","Bermuda Economic Indicator 84","Housing Starts","12","171","Daily","Index Points","Census Bureau","0","Economic indicator tracking housing starts for Bermuda"
"85","Martinique Economic Indicator 85","Trade Balance","13","111","Daily","Percentage","Reuters","1","Economic indicator tracking trade balance for Martinique"
"86","Myanmar Economic Indicator 86","Interest Rate","10","161","Quarterly","Index Points","Bloomberg","1","Economic indicator tracking interest rate for Myanmar"
"87","Fiji Economic Indicator 87","Industrial Production","8","46","Monthly","Index Points","Bureau of Economic Analysis","1","Economic indicator tracking industrial production for Fiji"
"88","Uganda Economic Indicator 88","GDP","10","13","Weekly","Percentage","Federal Reserve","0","Economic indicator tracking gdp for Uganda"
"89","Bouvet Island (Bouvetoya) Economic Indicator 89","Consumer Confidence","11","175","Daily","Currency","World Bank","1","Economic indicator tracking consumer confidence for Bouvet Island (Bouvetoya)"
"90","Guyana Economic Indicator 90","Industrial Production","10","166","Semi-annually","Currency","Reuters","0","Economic indicator tracking industrial production for Guyana"
"91","Uzbekistan Economic Indicator 91","PMI","2","66","Semi-annually","Index Points","Bureau of Labor Statistics","0","Economic indicator tracking pmi for Uzbekistan"
"92","Ukraine Economic Indicator 92","Inflation","3","163","Quarterly","Number","World Bank","1","Economic indicator tracking inflation for Ukraine"
"93","Bouvet Island (Bouvetoya) Economic Indicator 93","PMI","11","175","Quarterly","Number","World Bank","0","Economic indicator tracking pmi for Bouvet Island (Bouvetoya)"
"94","Haiti Economic Indicator 94","Unemployment","2","96","Daily","Index Points","Federal Reserve","1","Economic indicator tracking unemployment for Haiti"
"95","Northern Mariana Islands Economic Indicator 95","Housing Starts","2","119","Monthly","Number","Reuters","0","Economic indicator tracking housing starts for Northern Mariana Islands"
"96","Heard Island and McDonald Islands Economic Indicator 96","Inflation","4","98","Quarterly","Basis Points","Bloomberg","0","Economic indicator tracking inflation for Heard Island and McDonald Islands"
"97","Sri Lanka Economic Indicator 97","Interest Rate","2","132","Annually","Currency","OECD","1","Economic indicator tracking interest rate for Sri Lanka"
"98","Tajikistan Economic Indicator 98","Inflation","2","125","Semi-annually","Index Points","World Bank","1","Economic indicator tracking inflation for Tajikistan"
"99","Mauritania Economic Indicator 99","Trade Balance","11","158","Semi-annually","Basis Points","OECD","1","Economic indicator tracking trade balance for Mauritania"
"100","Northern Mariana Islands Economic Indicator 100","Unemployment","2","119","Monthly","Basis Points","Census Bureau","1","Economic indicator tracking unemployment for Northern Mariana Islands"
"101","Aruba Economic Indicator 101","Housing Starts","2","81","Monthly","Currency","Bureau of Economic Analysis","1","Economic indicator tracking housing starts for Aruba"
"102","Kuwait Economic Indicator 102","Unemployment","1","151","Weekly","Index Points","Reuters","0","Economic indicator tracking unemployment for Kuwait"
"103","Panama Economic Indicator 103","Inflation","13","82","Quarterly","Ratio","Federal Reserve","0","Economic indicator tracking inflation for Panama"
"104","Jamaica Economic Indicator 104","GDP","9","181","Quarterly","Ratio","Census Bureau","0","Economic indicator tracking gdp for Jamaica"
"105","Hungary Economic Indicator 105","Unemployment","11","184","Semi-annually","Index Points","Reuters","1","Economic indicator tracking unemployment for Hungary"
"106","Saint Pierre and Miquelon Economic Indicator 106","Interest Rate","11","9","Monthly","Percentage","Census Bureau","1","Economic indicator tracking interest rate for Saint Pierre and Miquelon"
"107","Mauritania Economic Indicator 107","GDP","11","158","Quarterly","Number","Bureau of Economic Analysis","1","Economic indicator tracking gdp for Mauritania"
"108","Portugal Economic Indicator 108","Inflation","1","120","Monthly","Percentage","IMF","0","Economic indicator tracking inflation for Portugal"
"109","North Macedonia Economic Indicator 109","PMI","8","94","Annually","Currency","Bureau of Labor Statistics","0","Economic indicator tracking pmi for North Macedonia"
"110","Seychelles Economic Indicator 110","GDP","8","126","Daily","Ratio","Bloomberg","0","Economic indicator tracking gdp for Seychelles"
"111","Guadeloupe Economic Indicator 111","Unemployment","5","50","Semi-annually","Ratio","Federal Reserve","0","Economic indicator tracking unemployment for Guadeloupe"
"112","Pakistan Economic Indicator 112","Inflation","5","29","Semi-annually","Number","Bureau of Labor Statistics","1","Economic indicator tracking inflation for Pakistan"
"113","Samoa Economic Indicator 113","PMI","1","156","Annually","Basis Points","Bureau of Economic Analysis","1","Economic indicator tracking pmi for Samoa"
"114","Guyana Economic Indicator 114","PMI","10","166","Weekly","Currency","Census Bureau","1","Economic indicator tracking pmi for Guyana"
"115","North Macedonia Economic Indicator 115","Trade Balance","8","94","Semi-annually","Ratio","OECD","1","Economic indicator tracking trade balance for North Macedonia"
"116","Nepal Economic Indicator 116","Trade Balance","11","182","Semi-annually","Ratio","Reuters","0","Economic indicator tracking trade balance for Nepal"
"117","Australia Economic Indicator 117","GDP","5","173","Semi-annually","Basis Points","Reuters","0","Economic indicator tracking gdp for Australia"
"118","Micronesia Economic Indicator 118","Housing Starts","7","69","Monthly","Percentage","Census Bureau","0","Economic indicator tracking housing starts for Micronesia"
"119","Martinique Economic Indicator 119","Interest Rate","13","111","Daily","Currency","Census Bureau","0","Economic indicator tracking interest rate for Martinique"
"120","Tonga Economic Indicator 120","Trade Balance","13","89","Annually","Ratio","Reuters","1","Economic indicator tracking trade balance for Tonga"
"121","Faroe Islands Economic Indicator 121","Housing Starts","5","117","Daily","Index Points","Bureau of Labor Statistics","1","Economic indicator tracking housing starts for Faroe Islands"
"122","Bermuda Economic Indicator 122","Industrial Production","5","52","Quarterly","Number","Reuters","1","Economic indicator tracking industrial production for Bermuda"
"123","Iran Economic Indicator 123","Unemployment","2","134","Annually","Ratio","Bureau of Labor Statistics","1","Economic indicator tracking unemployment for Iran"
"124","Netherlands Economic Indicator 124","GDP","5","24","Annually","Basis Points","Bureau of Labor Statistics","0","Economic indicator tracking gdp for Netherlands"
"125","Malawi Economic Indicator 125","Industrial Production","11","169","Daily","Number","Bureau of Economic Analysis","0","Economic indicator tracking industrial production for Malawi"
"126","Myanmar Economic Indicator 126","Housing Starts","10","161","Quarterly","Index Points","Census Bureau","0","Economic indicator tracking housing starts for Myanmar"
"127","Iran Economic Indicator 127","GDP","2","134","Annually","Currency","IMF","1","Economic indicator tracking gdp for Iran"
"128","Heard Island and McDonald Islands Economic Indicator 128","Consumer Confidence","4","98","Monthly","Ratio","Census Bureau","0","Economic indicator tracking consumer confidence for Heard Island and McDonald Islands"
"129","Trinidad and Tobago Economic Indicator 129","Trade Balance","12","38","Weekly","Index Points","Bureau of Economic Analysis","1","Economic indicator tracking trade balance for Trinidad and Tobago"
"130","Bangladesh Economic Indicator 130","Unemployment","3","80","Weekly","Index Points","Reuters","0","Economic indicator tracking unemployment for Bangladesh"
"131","Madagascar Economic Indicator 131","GDP","13","23","Monthly","Ratio","Reuters","0","Economic indicator tracking gdp for Madagascar"
"132","New Caledonia Economic Indicator 132","Trade Balance","8","108","Monthly","Basis Points","Bureau of Economic Analysis","1","Economic indicator tracking trade balance for New Caledonia"
"133","Bermuda Economic Indicator 133","Industrial Production","5","52","Weekly","Percentage","Census Bureau","1","Economic indicator tracking industrial production for Bermuda"
"134","Martinique Economic Indicator 134","Inflation","13","111","Annually","Basis Points","Bureau of Labor Statistics","0","Economic indicator tracking inflation for Martinique"
"135","Cape Verde Economic Indicator 135","Consumer Confidence","9","47","Semi-annually","Currency","Census Bureau","0","Economic indicator tracking consumer confidence for Cape Verde"
"136","North Macedonia Economic Indicator 136","Retail Sales","8","94","Semi-annually","Currency","Federal Reserve","1","Economic indicator tracking retail sales for North Macedonia"
"137","Burundi Economic Indicator 137","Trade Balance","4","154","Daily","Currency","IMF","1","Economic indicator tracking trade balance for Burundi"
"138","Saudi Arabia Economic Indicator 138","Consumer Confidence","1","172","Daily","Index Points","Census Bureau","0","Economic indicator tracking consumer confidence for Saudi Arabia"
"139","Sri Lanka Economic Indicator 139","Inflation","2","132","Monthly","Number","Federal Reserve","0","Economic indicator tracking inflation for Sri Lanka"
"140","Cyprus Economic Indicator 140","Interest Rate","8","167","Daily","Percentage","Federal Reserve","0","Economic indicator tracking interest rate for Cyprus"
"141","Belgium Economic Indicator 141","PMI","6","86","Annually","Ratio","Federal Reserve","0","Economic indicator tracking pmi for Belgium"
"142","British Virgin Islands Economic Indicator 142","Consumer Confidence","2","65","Weekly","Basis Points","Bureau of Labor Statistics","1","Economic indicator tracking consumer confidence for British Virgin Islands"
"143","Turks and Caicos Islands Economic Indicator 143","Consumer Confidence","7","148","Daily","Basis Points","OECD","0","Economic indicator tracking consumer confidence for Turks and Caicos Islands"
"144","Guadeloupe Economic Indicator 144","Housing Starts","5","50","Monthly","Currency","OECD","0","Economic indicator tracking housing starts for Guadeloupe"
"145","Palau Economic Indicator 145","GDP","1","145","Quarterly","Index Points","Reuters","1","Economic indicator tracking gdp for Palau"
"146","Timor-Leste Economic Indicator 146","Retail Sales","12","87","Monthly","Number","OECD","0","Economic indicator tracking retail sales for Timor-Leste"
"147","Palau Economic Indicator 147","Inflation","1","145","Daily","Index Points","World Bank","0","Economic indicator tracking inflation for Palau"
"148","Guyana Economic Indicator 148","GDP","13","76","Daily","Index Points","Bloomberg","0","Economic indicator tracking gdp for Guyana"
"149","Romania Economic Indicator 149","Inflation","4","79","Semi-annually","Currency","IMF","0","Economic indicator tracking inflation for Romania"
"150","Albania Economic Indicator 150","PMI","4","39","Semi-annually","Number","Bloomberg","0","Economic indicator tracking pmi for Albania"
"151","Kuwait Economic Indicator 151","PMI","1","63","Daily","Currency","World Bank","1","Economic indicator tracking pmi for Kuwait"
"152","Congo Economic Indicator 152","Trade Balance","11","78","Semi-annually","Number","IMF","1","Economic indicator tracking trade balance for Congo"
"153","Cape Verde Economic Indicator 153","Industrial Production","9","47","Monthly","Currency","Bloomberg","1","Economic indicator tracking industrial production for Cape Verde"
"154","Bermuda Economic Indicator 154","Industrial Production","12","171","Semi-annually","Index Points","Bureau of Labor Statistics","0","Economic indicator tracking industrial production for Bermuda"
"155","Myanmar Economic Indicator 155","PMI","5","164","Annually","Currency","Bloomberg","0","Economic indicator tracking pmi for Myanmar"
"156","Hong Kong Economic Indicator 156","Industrial Production","1","53","Weekly","Currency","IMF","1","Economic indicator tracking industrial production for Hong Kong"
"157","Cape Verde Economic Indicator 157","PMI","12","176","Weekly","Currency","Bureau of Labor Statistics","0","Economic indicator tracking pmi for Cape Verde"
"158","Nauru Economic Indicator 158","Consumer Confidence","9","16","Monthly","Percentage","OECD","1","Economic indicator tracking consumer confidence for Nauru"
"159","Fiji Economic Indicator 159","Trade Balance","12","92","Daily","Basis Points","Federal Reserve","1","Economic indicator tracking trade balance for Fiji"
"160","Tokelau Economic Indicator 160","PMI","10","174","Annually","Index Points","Bloomberg","0","Economic indicator tracking pmi for Tokelau"
"161","Guatemala Economic Indicator 161","Housing Starts","6","57","Daily","Index Points","Federal Reserve","1","Economic indicator tracking housing starts for Guatemala"
"162","Cayman Islands Economic Indicator 162","Inflation","11","42","Quarterly","Index Points","Federal Reserve","0","Economic indicator tracking inflation for Cayman Islands"
"163","Guatemala Economic Indicator 163","Industrial Production","6","57","Weekly","Index Points","World Bank","0","Economic indicator tracking industrial production for Guatemala"
"164","Antigua and Barbuda Economic Indicator 164","Unemployment","11","131","Weekly","Basis Points","World Bank","0","Economic indicator tracking unemployment for Antigua and Barbuda"
"165","San Marino Economic Indicator 165","GDP","6","160","Quarterly","Percentage","Bureau of Labor Statistics","0","Economic indicator tracking gdp for San Marino"
"166","Saint Lucia Economic Indicator 166","GDP","4","62","Weekly","Basis Points","Census Bureau","0","Economic indicator tracking gdp for Saint Lucia"
"167","Northern Mariana Islands Economic Indicator 167","Industrial Production","13","1","Weekly","Index Points","Bureau of Labor Statistics","1","Economic indicator tracking industrial production for Northern Mariana Islands"
"168","Montenegro Economic Indicator 168","Consumer Confidence","6","140","Monthly","Basis Points","World Bank","0","Economic indicator tracking consumer confidence for Montenegro"
"169","Timor-Leste Economic Indicator 169","Inflation","12","87","Weekly","Number","Bloomberg","1","Economic indicator tracking inflation for Timor-Leste"
"170","Japan Economic Indicator 170","PMI","7","162","Semi-annually","Currency","Bureau of Economic Analysis","1","Economic indicator tracking pmi for Japan"
"171","Timor-Leste Economic Indicator 171","Consumer Confidence","12","87","Semi-annually","Percentage","Bureau of Economic Analysis","1","Economic indicator tracking consumer confidence for Timor-Leste"
"172","Portugal Economic Indicator 172","Unemployment","1","120","Monthly","Index Points","World Bank","1","Economic indicator tracking unemployment for Portugal"
"173","Mauritania Economic Indicator 173","Interest Rate","11","158","Daily","Ratio","Reuters","0","Economic indicator tracking interest rate for Mauritania"
"174","Bosnia and Herzegovina Economic Indicator 174","Interest Rate","5","51","Annually","Index Points","Federal Reserve","1","Economic indicator tracking interest rate for Bosnia and Herzegovina"
"175","Hong Kong Economic Indicator 175","Unemployment","1","53","Semi-annually","Index Points","Census Bureau","0","Economic indicator tracking unemployment for Hong Kong"
"176","Albania Economic Indicator 176","GDP","4","39","Daily","Ratio","OECD","0","Economic indicator tracking gdp for Albania"
"177","Central African Republic Economic Indicator 177","Unemployment","11","97","Quarterly","Number","World Bank","1","Economic indicator tracking unemployment for Central African Republic"
"178","Guinea Economic Indicator 178","GDP","11","99","Semi-annually","Ratio","Bureau of Economic Analysis","1","Economic indicator tracking gdp for Guinea"
"179","Iran Economic Indicator 179","Industrial Production","2","134","Weekly","Number","Federal Reserve","0","Economic indicator tracking industrial production for Iran"
"180","Netherlands Economic Indicator 180","PMI","11","58","Monthly","Currency","Bureau of Economic Analysis","1","Economic indicator tracking pmi for Netherlands"
"181","Mayotte Economic Indicator 181","Unemployment","2","14","Weekly","Currency","World Bank","0","Economic indicator tracking unemployment for Mayotte"
"182","Anguilla Economic Indicator 182","GDP","10","3","Annually","Number","Census Bureau","0","Economic indicator tracking gdp for Anguilla"
"183","Mauritania Economic Indicator 183","Housing Starts","11","158","Monthly","Index Points","OECD","0","Economic indicator tracking housing starts for Mauritania"
"184","Cuba Economic Indicator 184","Housing Starts","8","21","Annually","Currency","Census Bureau","1","Economic indicator tracking housing starts for Cuba"
"185","Saint Vincent and the Grenadines Economic Indicator 185","Interest Rate","5","12","Semi-annually","Number","Reuters","1","Economic indicator tracking interest rate for Saint Vincent and the Grenadines"
"186","Hong Kong Economic Indicator 186","Industrial Production","12","116","Weekly","Number","OECD","0","Economic indicator tracking industrial production for Hong Kong"
"187","Hong Kong Economic Indicator 187","Interest Rate","1","53","Weekly","Currency","Bureau of Economic Analysis","1","Economic indicator tracking interest rate for Hong Kong"
"188","Guadeloupe Economic Indicator 188","Housing Starts","5","50","Semi-annually","Ratio","Bureau of Economic Analysis","1","Economic indicator tracking housing starts for Guadeloupe"
"189","Ecuador Economic Indicator 189","GDP","9","113","Weekly","Index Points","Federal Reserve","1","Economic indicator tracking gdp for Ecuador"
"190","French Guiana Economic Indicator 190","GDP","5","85","Semi-annually","Percentage","Bureau of Economic Analysis","1","Economic indicator tracking gdp for French Guiana"
"191","Kuwait Economic Indicator 191","Housing Starts","1","63","Weekly","Percentage","OECD","0","Economic indicator tracking housing starts for Kuwait"
"192","Cyprus Economic Indicator 192","Trade Balance","4","33","Quarterly","Basis Points","Bureau of Labor Statistics","0","Economic indicator tracking trade balance for Cyprus"
"193","Congo Economic Indicator 193","Inflation","10","27","Semi-annually","Ratio","OECD","1","Economic indicator tracking inflation for Congo"
"194","French Polynesia Economic Indicator 194","Industrial Production","12","70","Daily","Index Points","Census Bureau","1","Economic indicator tracking industrial production for French Polynesia"
"195","Djibouti Economic Indicator 195","PMI","4","22","Daily","Index Points","Federal Reserve","1","Economic indicator tracking pmi for Djibouti"
"196","Western Sahara Economic Indicator 196","Retail Sales","8","139","Daily","Currency","Bureau of Labor Statistics","1","Economic indicator tracking retail sales for Western Sahara"
"197","Guinea-Bissau Economic Indicator 197","Retail Sales","2","55","Annually","Percentage","Census Bureau","0","Economic indicator tracking retail sales for Guinea-Bissau"
"198","Germany Economic Indicator 198","Consumer Confidence","1","133","Semi-annually","Currency","Reuters","1","Economic indicator tracking consumer confidence for Germany"
"199","Azerbaijan Economic Indicator 199","Industrial Production","11","128","Quarterly","Percentage","Federal Reserve","0","Economic indicator tracking industrial production for Azerbaijan"
"200","United States Virgin Islands Economic Indicator 200","GDP","7","149","Annually","Ratio","Census Bureau","0","Economic indicator tracking gdp for United States Virgin Islands"
"201","Burundi Economic Indicator 201","Unemployment","5","168","Daily","Currency","OECD","0","Economic indicator tracking unemployment for Burundi"
"202","North Macedonia Economic Indicator 202","Industrial Production","8","94","Weekly","Percentage","OECD","1","Economic indicator tracking industrial production for North Macedonia"
"203","Martinique Economic Indicator 203","Unemployment","13","111","Semi-annually","Basis Points","Federal Reserve","1","Economic indicator tracking unemployment for Martinique"
"204","Monaco Economic Indicator 204","Inflation","2","157","Monthly","Ratio","Bureau of Labor Statistics","0","Economic indicator tracking inflation for Monaco"
"205","Estonia Economic Indicator 205","Inflation","11","159","Daily","Percentage","Census Bureau","1","Economic indicator tracking inflation for Estonia"
"206","Martinique Economic Indicator 206","Industrial Production","13","111","Monthly","Ratio","Bureau of Economic Analysis","0","Economic indicator tracking industrial production for Martinique"
"207","Poland Economic Indicator 207","Interest Rate","5","123","Weekly","Currency","Bloomberg","1","Economic indicator tracking interest rate for Poland"
"208","Cape Verde Economic Indicator 208","Trade Balance","12","176","Annually","Index Points","Federal Reserve","1","Economic indicator tracking trade balance for Cape Verde"
"209","Iran Economic Indicator 209","Trade Balance","2","134","Annually","Index Points","OECD","1","Economic indicator tracking trade balance for Iran"
"210","Moldova Economic Indicator 210","Consumer Confidence","12","121","Annually","Ratio","IMF","1","Economic indicator tracking consumer confidence for Moldova"
"211","Iran Economic Indicator 211","Housing Starts","2","134","Semi-annually","Currency","Census Bureau","0","Economic indicator tracking housing starts for Iran"
"212","North Macedonia Economic Indicator 212","Industrial Production","8","94","Monthly","Basis Points","Census Bureau","0","Economic indicator tracking industrial production for North Macedonia"
"213","United States Minor Outlying Islands Economic Indicator 213","Industrial Production","5","138","Annually","Index Points","Census Bureau","1","Economic indicator tracking industrial production for United States Minor Outlying Islands"
"214","Congo Economic Indicator 214","Consumer Confidence","10","27","Weekly","Ratio","Census Bureau","0","Economic indicator tracking consumer confidence for Congo"
"215","Cuba Economic Indicator 215","Trade Balance","8","21","Annually","Currency","Reuters","1","Economic indicator tracking trade balance for Cuba"
"216","Cuba Economic Indicator 216","Inflation","5","48","Daily","Index Points","Bloomberg","1","Economic indicator tracking inflation for Cuba"
"217","Egypt Economic Indicator 217","Retail Sales","7","155","Monthly","Ratio","Reuters","1","Economic indicator tracking retail sales for Egypt"
"218","Guam Economic Indicator 218","GDP","3","45","Quarterly","Currency","Bloomberg","0","Economic indicator tracking gdp for Guam"
"219","Bermuda Economic Indicator 219","PMI","5","52","Monthly","Index Points","Reuters","0","Economic indicator tracking pmi for Bermuda"
"220","Sri Lanka Economic Indicator 220","Unemployment","2","132","Quarterly","Number","IMF","1","Economic indicator tracking unemployment for Sri Lanka"
"221","United States Virgin Islands Economic Indicator 221","GDP","7","149","Daily","Percentage","Bureau of Economic Analysis","0","Economic indicator tracking gdp for United States Virgin Islands"
"222","Ethiopia Economic Indicator 222","GDP","8","135","Daily","Index Points","Federal Reserve","0","Economic indicator tracking gdp for Ethiopia"
"223","Uzbekistan Economic Indicator 223","Consumer Confidence","2","66","Quarterly","Number","Census Bureau","0","Economic indicator tracking consumer confidence for Uzbekistan"
"224","Nauru Economic Indicator 224","Unemployment","9","16","Semi-annually","Currency","Census Bureau","1","Economic indicator tracking unemployment for Nauru"
"225","Kuwait Economic Indicator 225","Trade Balance","1","151","Annually","Number","Bureau of Labor Statistics","1","Economic indicator tracking trade balance for Kuwait"
"226","Romania Economic Indicator 226","GDP","4","79","Weekly","Index Points","Bureau of Labor Statistics","0","Economic indicator tracking gdp for Romania"
"227","Sri Lanka Economic Indicator 227","Unemployment","3","60","Semi-annually","Index Points","Bureau of Economic Analysis","1","Economic indicator tracking unemployment for Sri Lanka"
"228","Somalia Economic Indicator 228","PMI","13","179","Monthly","Percentage","Bureau of Economic Analysis","1","Economic indicator tracking pmi for Somalia"
"229","Netherlands Economic Indicator 229","Housing Starts","5","24","Quarterly","Index Points","Census Bureau","1","Economic indicator tracking housing starts for Netherlands"
"230","Italy Economic Indicator 230","Interest Rate","1","32","Daily","Index Points","World Bank","0","Economic indicator tracking interest rate for Italy"
"231","Philippines Economic Indicator 231","Inflation","11","11","Weekly","Index Points","Bureau of Economic Analysis","0","Economic indicator tracking inflation for Philippines"
"232","Bangladesh Economic Indicator 232","Unemployment","3","80","Weekly","Ratio","IMF","0","Economic indicator tracking unemployment for Bangladesh"
"233","Saint Barthelemy Economic Indicator 233","Unemployment","11","142","Monthly","Index Points","Bureau of Labor Statistics","1","Economic indicator tracking unemployment for Saint Barthelemy"
"234","Guinea Economic Indicator 234","Housing Starts","11","99","Daily","Number","World Bank","1","Economic indicator tracking housing starts for Guinea"
"235","Pitcairn Islands Economic Indicator 235","Consumer Confidence","1","105","Monthly","Basis Points","OECD","0","Economic indicator tracking consumer confidence for Pitcairn Islands"
"236","Guinea-Bissau Economic Indicator 236","Interest Rate","2","55","Quarterly","Basis Points","World Bank","1","Economic indicator tracking interest rate for Guinea-Bissau"
"237","Kuwait Economic Indicator 237","Inflation","1","63","Annually","Basis Points","Bloomberg","1","Economic indicator tracking inflation for Kuwait"
"238","Kuwait Economic Indicator 238","Consumer Confidence","1","63","Quarterly","Ratio","Bloomberg","1","Economic indicator tracking consumer confidence for Kuwait"
"239","New Caledonia Economic Indicator 239","Consumer Confidence","8","108","Annually","Index Points","Bureau of Labor Statistics","1","Economic indicator tracking consumer confidence for New Caledonia"
"240","Hong Kong Economic Indicator 240","Interest Rate","1","53","Weekly","Ratio","OECD","0","Economic indicator tracking interest rate for Hong Kong"
"241","Niue Economic Indicator 241","Interest Rate","11","72","Weekly","Percentage","OECD","0","Economic indicator tracking interest rate for Niue"
"242","Netherlands Economic Indicator 242","Unemployment","5","24","Daily","Currency","Bureau of Economic Analysis","1","Economic indicator tracking unemployment for Netherlands"
"243","Guinea-Bissau Economic Indicator 243","Industrial Production","2","55","Semi-annually","Currency","IMF","0","Economic indicator tracking industrial production for Guinea-Bissau"
"244","Germany Economic Indicator 244","Consumer Confidence","10","143","Weekly","Index Points","Bloomberg","0","Economic indicator tracking consumer confidence for Germany"
"245","British Virgin Islands Economic Indicator 245","Inflation","2","65","Annually","Currency","World Bank","0","Economic indicator tracking inflation for British Virgin Islands"
"246","Mauritania Economic Indicator 246","Industrial Production","11","158","Semi-annually","Index Points","Bloomberg","1","Economic indicator tracking industrial production for Mauritania"
"247","Samoa Economic Indicator 247","PMI","1","156","Daily","Currency","Federal Reserve","1","Economic indicator tracking pmi for Samoa"
"248","Turks and Caicos Islands Economic Indicator 248","Unemployment","8","74","Daily","Number","Bloomberg","1","Economic indicator tracking unemployment for Turks and Caicos Islands"
"249","Netherlands Economic Indicator 249","Industrial Production","11","58","Monthly","Number","Federal Reserve","1","Economic indicator tracking industrial production for Netherlands"
"250","Cyprus Economic Indicator 250","Industrial Production","10","122","Semi-annually","Basis Points","Bureau of Labor Statistics","1","Economic indicator tracking industrial production for Cyprus"
"251","Mayotte Economic Indicator 251","GDP","6","31","Annually","Ratio","Federal Reserve","1","Economic indicator tracking gdp for Mayotte"
"252","Timor-Leste Economic Indicator 252","PMI","12","87","Semi-annually","Currency","Reuters","1","Economic indicator tracking pmi for Timor-Leste"
"253","Bermuda Economic Indicator 253","Inflation","3","20","Semi-annually","Currency","Bloomberg","1","Economic indicator tracking inflation for Bermuda"
"254","Bermuda Economic Indicator 254","Industrial Production","12","171","Quarterly","Basis Points","Census Bureau","0","Economic indicator tracking industrial production for Bermuda"
"255","Guinea Economic Indicator 255","Unemployment","11","99","Annually","Currency","Bloomberg","0","Economic indicator tracking unemployment for Guinea"
"256","Martinique Economic Indicator 256","Retail Sales","13","111","Semi-annually","Ratio","IMF","1","Economic indicator tracking retail sales for Martinique"
"257","Djibouti Economic Indicator 257","Housing Starts","4","22","Monthly","Percentage","Census Bureau","0","Economic indicator tracking housing starts for Djibouti"
"258","Saint Barthelemy Economic Indicator 258","Trade Balance","11","142","Weekly","Currency","Bureau of Labor Statistics","1","Economic indicator tracking trade balance for Saint Barthelemy"
"259","Faroe Islands Economic Indicator 259","Housing Starts","5","117","Weekly","Currency","OECD","1","Economic indicator tracking housing starts for Faroe Islands"
"260","Croatia Economic Indicator 260","GDP","9","144","Weekly","Ratio","World Bank","1","Economic indicator tracking gdp for Croatia"
"261","Monaco Economic Indicator 261","Consumer Confidence","9","26","Monthly","Basis Points","World Bank","1","Economic indicator tracking consumer confidence for Monaco"
"262","Antarctica (the territory South of 60 deg S) Economic Indicator 262","Inflation","9","19","Annually","Currency","IMF","1","Economic indicator tracking inflation for Antarctica (the territory South of 60 deg S)"
"263","United States Virgin Islands Economic Indicator 263","Housing Starts","7","149","Semi-annually","Index Points","Reuters","0","Economic indicator tracking housing starts for United States Virgin Islands"
"264","Netherlands Economic Indicator 264","Housing Starts","5","24","Quarterly","Percentage","IMF","1","Economic indicator tracking housing starts for Netherlands"
"265","Romania Economic Indicator 265","Retail Sales","4","79","Weekly","Number","IMF","1","Economic indicator tracking retail sales for Romania"
"266","Ecuador Economic Indicator 266","Unemployment","9","113","Weekly","Percentage","Reuters","1","Economic indicator tracking unemployment for Ecuador"
"267","Denmark Economic Indicator 267","Consumer Confidence","9","83","Annually","Basis Points","Census Bureau","1","Economic indicator tracking consumer confidence for Denmark"
"268","Morocco Economic Indicator 268","Consumer Confidence","1","77","Semi-annually","Index Points","Bloomberg","1","Economic indicator tracking consumer confidence for Morocco"
"269","Greece Economic Indicator 269","Trade Balance","2","124","Daily","Number","Reuters","1","Economic indicator tracking trade balance for Greece"
"270","Bahrain Economic Indicator 270","Retail Sales","10","183","Semi-annually","Ratio","Census Bureau","1","Economic indicator tracking retail sales for Bahrain"
"271","United States Virgin Islands Economic Indicator 271","Inflation","7","149","Quarterly","Ratio","Bloomberg","0","Economic indicator tracking inflation for United States Virgin Islands"
"272","North Macedonia Economic Indicator 272","Industrial Production","8","94","Annually","Currency","Bureau of Labor Statistics","1","Economic indicator tracking industrial production for North Macedonia"
"273","Germany Economic Indicator 273","GDP","10","143","Quarterly","Index Points","Census Bureau","1","Economic indicator tracking gdp for Germany"
"274","Cape Verde Economic Indicator 274","Inflation","12","176","Semi-annually","Currency","Bureau of Labor Statistics","1","Economic indicator tracking inflation for Cape Verde"
"275","Honduras Economic Indicator 275","Industrial Production","7","67","Quarterly","Ratio","Reuters","0","Economic indicator tracking industrial production for Honduras"
"276","Turks and Caicos Islands Economic Indicator 276","Interest Rate","7","148","Annually","Currency","Bloomberg","1","Economic indicator tracking interest rate for Turks and Caicos Islands"
"277","Barbados Economic Indicator 277","Inflation","12","107","Quarterly","Currency","Bureau of Labor Statistics","0","Economic indicator tracking inflation for Barbados"
"278","Japan Economic Indicator 278","GDP","7","162","Weekly","Index Points","Federal Reserve","0","Economic indicator tracking gdp for Japan"
"279","Egypt Economic Indicator 279","GDP","7","155","Weekly","Percentage","Bureau of Economic Analysis","0","Economic indicator tracking gdp for Egypt"
"280","Niue Economic Indicator 280","Housing Starts","11","72","Daily","Percentage","OECD","0","Economic indicator tracking housing starts for Niue"
"281","Niger Economic Indicator 281","Consumer Confidence","9","73","Monthly","Percentage","Bureau of Economic Analysis","0","Economic indicator tracking consumer confidence for Niger"
"282","Estonia Economic Indicator 282","Industrial Production","4","59","Weekly","Index Points","World Bank","1","Economic indicator tracking industrial production for Estonia"
"283","Cayman Islands Economic Indicator 283","Consumer Confidence","11","42","Weekly","Basis Points","Census Bureau","0","Economic indicator tracking consumer confidence for Cayman Islands"
"284","Hong Kong Economic Indicator 284","Retail Sales","4","91","Semi-annually","Currency","Bureau of Economic Analysis","1","Economic indicator tracking retail sales for Hong Kong"
"285","Guyana Economic Indicator 285","PMI","10","166","Daily","Ratio","Bureau of Labor Statistics","0","Economic indicator tracking pmi for Guyana"
"286","Benin Economic Indicator 286","GDP","10","15","Quarterly","Currency","Bureau of Labor Statistics","1","Economic indicator tracking gdp for Benin"
"287","Paraguay Economic Indicator 287","Interest Rate","5","101","Semi-annually","Basis Points","IMF","1","Economic indicator tracking interest rate for Paraguay"
"288","Heard Island and McDonald Islands Economic Indicator 288","Consumer Confidence","4","98","Weekly","Index Points","OECD","0","Economic indicator tracking consumer confidence for Heard Island and McDonald Islands"
"289","Saudi Arabia Economic Indicator 289","PMI","1","172","Daily","Currency","IMF","1","Economic indicator tracking pmi for Saudi Arabia"
"290","Pitcairn Islands Economic Indicator 290","GDP","13","180","Daily","Number","Federal Reserve","0","Economic indicator tracking gdp for Pitcairn Islands"
"291","Swaziland Economic Indicator 291","GDP","1","130","Monthly","Currency","World Bank","0","Economic indicator tracking gdp for Swaziland"
"292","Hong Kong Economic Indicator 292","Inflation","4","91","Monthly","Ratio","World Bank","0","Economic indicator tracking inflation for Hong Kong"
"293","Haiti Economic Indicator 293","PMI","2","96","Annually","Percentage","Bureau of Labor Statistics","0","Economic indicator tracking pmi for Haiti"
"294","Cyprus Economic Indicator 294","Unemployment","8","167","Quarterly","Index Points","IMF","0","Economic indicator tracking unemployment for Cyprus"
"295","Iran Economic Indicator 295","Inflation","10","165","Monthly","Percentage","OECD","1","Economic indicator tracking inflation for Iran"
"296","Bosnia and Herzegovina Economic Indicator 296","Retail Sales","13","10","Monthly","Currency","Census Bureau","0","Economic indicator tracking retail sales for Bosnia and Herzegovina"
"297","Estonia Economic Indicator 297","Unemployment","4","59","Semi-annually","Basis Points","Federal Reserve","1","Economic indicator tracking unemployment for Estonia"
"298","Haiti Economic Indicator 298","Unemployment","2","96","Semi-annually","Currency","World Bank","0","Economic indicator tracking unemployment for Haiti"
"299","Iran Economic Indicator 299","Retail Sales","2","134","Quarterly","Currency","Bloomberg","0","Economic indicator tracking retail sales for Iran"
"300","Iran Economic Indicator 300","Trade Balance","10","165","Daily","Index Points","Census Bureau","0","Economic indicator tracking trade balance for Iran"
"301","Jamaica Economic Indicator 301","Retail Sales","9","181","Semi-annually","Index Points","Reuters","1","Economic indicator tracking retail sales for Jamaica"
"302","Bahrain Economic Indicator 302","GDP","1","136","Semi-annually","Number","Bloomberg","0","Economic indicator tracking gdp for Bahrain"
"303","Azerbaijan Economic Indicator 303","Trade Balance","11","128","Monthly","Currency","Bureau of Labor Statistics","0","Economic indicator tracking trade balance for Azerbaijan"
"304","Djibouti Economic Indicator 304","Unemployment","9","88","Semi-annually","Percentage","Bloomberg","1","Economic indicator tracking unemployment for Djibouti"
"305","Hong Kong Economic Indicator 305","GDP","4","91","Semi-annually","Currency","Census Bureau","0","Economic indicator tracking gdp for Hong Kong"
"306","Azerbaijan Economic Indicator 306","Industrial Production","11","128","Annually","Currency","Reuters","1","Economic indicator tracking industrial production for Azerbaijan"
"307","Hong Kong Economic Indicator 307","Interest Rate","3","185","Daily","Percentage","Bureau of Labor Statistics","1","Economic indicator tracking interest rate for Hong Kong"
"308","Japan Economic Indicator 308","GDP","7","162","Semi-annually","Number","Reuters","1","Economic indicator tracking gdp for Japan"
"309","Saudi Arabia Economic Indicator 309","GDP","1","172","Annually","Basis Points","Census Bureau","1","Economic indicator tracking gdp for Saudi Arabia"
"310","Barbados Economic Indicator 310","PMI","12","107","Semi-annually","Ratio","IMF","1","Economic indicator tracking pmi for Barbados"
"311","Falkland Islands (Malvinas) Economic Indicator 311","Consumer Confidence","12","5","Daily","Percentage","Reuters","1","Economic indicator tracking consumer confidence for Falkland Islands (Malvinas)"
"312","Estonia Economic Indicator 312","Housing Starts","4","59","Quarterly","Basis Points","Bureau of Labor Statistics","0","Economic indicator tracking housing starts for Estonia"
"313","Antarctica (the territory South of 60 deg S) Economic Indicator 313","Retail Sales","9","19","Monthly","Index Points","Federal Reserve","1","Economic indicator tracking retail sales for Antarctica (the territory South of 60 deg S)"
"314","Kuwait Economic Indicator 314","Consumer Confidence","1","63","Quarterly","Number","Federal Reserve","0","Economic indicator tracking consumer confidence for Kuwait"
"315","Tokelau Economic Indicator 315","PMI","10","174","Quarterly","Basis Points","Reuters","1","Economic indicator tracking pmi for Tokelau"
"316","Czech Republic Economic Indicator 316","Industrial Production","6","7","Semi-annually","Currency","Census Bureau","0","Economic indicator tracking industrial production for Czech Republic"
"317","Qatar Economic Indicator 317","Consumer Confidence","10","43","Daily","Basis Points","Bloomberg","0","Economic indicator tracking consumer confidence for Qatar"
"318","Guinea Economic Indicator 318","PMI","11","99","Weekly","Number","World Bank","0","Economic indicator tracking pmi for Guinea"
"319","Moldova Economic Indicator 319","Housing Starts","12","121","Daily","Currency","Bureau of Economic Analysis","1","Economic indicator tracking housing starts for Moldova"
"320","Jamaica Economic Indicator 320","Inflation","9","181","Annually","Number","World Bank","0","Economic indicator tracking inflation for Jamaica"
"321","Malawi Economic Indicator 321","Interest Rate","11","169","Monthly","Percentage","IMF","1","Economic indicator tracking interest rate for Malawi"
"322","Guatemala Economic Indicator 322","GDP","6","57","Daily","Ratio","Bloomberg","1","Economic indicator tracking gdp for Guatemala"
"323","Oman Economic Indicator 323","Housing Starts","11","106","Weekly","Basis Points","Reuters","0","Economic indicator tracking housing starts for Oman"
"324","Morocco Economic Indicator 324","PMI","1","77","Weekly","Number","Federal Reserve","0","Economic indicator tracking pmi for Morocco"
"325","Bangladesh Economic Indicator 325","Housing Starts","3","80","Daily","Currency","World Bank","1","Economic indicator tracking housing starts for Bangladesh"
"326","Sri Lanka Economic Indicator 326","Interest Rate","3","60","Monthly","Number","IMF","1","Economic indicator tracking interest rate for Sri Lanka"
"327","Kuwait Economic Indicator 327","Unemployment","1","151","Monthly","Percentage","Federal Reserve","0","Economic indicator tracking unemployment for Kuwait"
"328","Germany Economic Indicator 328","Housing Starts","1","133","Semi-annually","Ratio","OECD","1","Economic indicator tracking housing starts for Germany"
"329","New Caledonia Economic Indicator 329","PMI","8","108","Monthly","Ratio","Bureau of Economic Analysis","1","Economic indicator tracking pmi for New Caledonia"
"330","Bermuda Economic Indicator 330","Unemployment","12","171","Weekly","Ratio","Bureau of Labor Statistics","1","Economic indicator tracking unemployment for Bermuda"
"331","Sri Lanka Economic Indicator 331","Industrial Production","2","132","Monthly","Number","Census Bureau","0","Economic indicator tracking industrial production for Sri Lanka"
"332","Netherlands Economic Indicator 332","Retail Sales","11","58","Weekly","Number","Reuters","0","Economic indicator tracking retail sales for Netherlands"
"333","Aruba Economic Indicator 333","Trade Balance","2","81","Semi-annually","Basis Points","IMF","0","Economic indicator tracking trade balance for Aruba"
"334","Anguilla Economic Indicator 334","Consumer Confidence","12","25","Annually","Percentage","OECD","1","Economic indicator tracking consumer confidence for Anguilla"
"335","Mayotte Economic Indicator 335","GDP","2","14","Annually","Percentage","OECD","1","Economic indicator tracking gdp for Mayotte"
"336","Estonia Economic Indicator 336","Consumer Confidence","8","153","Quarterly","Number","Federal Reserve","0","Economic indicator tracking consumer confidence for Estonia"
"337","Albania Economic Indicator 337","GDP","4","39","Annually","Percentage","Federal Reserve","0","Economic indicator tracking gdp for Albania"
"338","Saint Lucia Economic Indicator 338","Unemployment","9","112","Semi-annually","Index Points","Bureau of Economic Analysis","1","Economic indicator tracking unemployment for Saint Lucia"
"339","Haiti Economic Indicator 339","Retail Sales","2","96","Monthly","Percentage","Bureau of Economic Analysis","0","Economic indicator tracking retail sales for Haiti"
"340","United States Virgin Islands Economic Indicator 340","Industrial Production","7","149","Daily","Number","Bloomberg","0","Economic indicator tracking industrial production for United States Virgin Islands"
"341","Morocco Economic Indicator 341","Trade Balance","1","77","Weekly","Index Points","Federal Reserve","0","Economic indicator tracking trade balance for Morocco"
"342","French Guiana Economic Indicator 342","Retail Sales","5","85","Daily","Number","Bureau of Labor Statistics","0","Economic indicator tracking retail sales for French Guiana"
"343","Estonia Economic Indicator 343","Trade Balance","8","153","Semi-annually","Currency","IMF","0","Economic indicator tracking trade balance for Estonia"
"344","Korea Economic Indicator 344","Consumer Confidence","7","93","Quarterly","Number","Bureau of Economic Analysis","1","Economic indicator tracking consumer confidence for Korea"
"345","Croatia Economic Indicator 345","PMI","10","137","Weekly","Basis Points","World Bank","1","Economic indicator tracking pmi for Croatia"
"346","Faroe Islands Economic Indicator 346","Unemployment","5","117","Annually","Basis Points","Federal Reserve","0","Economic indicator tracking unemployment for Faroe Islands"
"347","Somalia Economic Indicator 347","Inflation","13","179","Weekly","Percentage","Reuters","1","Economic indicator tracking inflation for Somalia"
"348","Myanmar Economic Indicator 348","Housing Starts","10","161","Annually","Basis Points","Bureau of Economic Analysis","0","Economic indicator tracking housing starts for Myanmar"
"349","Poland Economic Indicator 349","GDP","5","123","Daily","Ratio","World Bank","0","Economic indicator tracking gdp for Poland"
"350","Northern Mariana Islands Economic Indicator 350","Housing Starts","13","1","Annually","Ratio","World Bank","1","Economic indicator tracking housing starts for Northern Mariana Islands"
"351","Djibouti Economic Indicator 351","Retail Sales","4","22","Weekly","Basis Points","World Bank","0","Economic indicator tracking retail sales for Djibouti"
"352","Panama Economic Indicator 352","Inflation","13","82","Weekly","Currency","Federal Reserve","0","Economic indicator tracking inflation for Panama"
"353","Hong Kong Economic Indicator 353","Consumer Confidence","3","185","Daily","Index Points","OECD","0","Economic indicator tracking consumer confidence for Hong Kong"
"354","Italy Economic Indicator 354","Unemployment","1","32","Quarterly","Number","Reuters","0","Economic indicator tracking unemployment for Italy"
"355","Uzbekistan Economic Indicator 355","GDP","4","118","Semi-annually","Percentage","Bloomberg","1","Economic indicator tracking gdp for Uzbekistan"
"356","Saint Vincent and the Grenadines Economic Indicator 356","Unemployment","5","12","Annually","Basis Points","Bureau of Economic Analysis","0","Economic indicator tracking unemployment for Saint Vincent and the Grenadines"
"357","Niue Economic Indicator 357","Retail Sales","4","177","Weekly","Number","IMF","1","Economic indicator tracking retail sales for Niue"
"358","Turkey Economic Indicator 358","PMI","8","141","Quarterly","Ratio","IMF","1","Economic indicator tracking pmi for Turkey"
"359","Sri Lanka Economic Indicator 359","Trade Balance","1","41","Semi-annually","Percentage","Bureau of Economic Analysis","0","Economic indicator tracking trade balance for Sri Lanka"
"360","Reunion Economic Indicator 360","Unemployment","12","103","Semi-annually","Percentage","OECD","1","Economic indicator tracking unemployment for Reunion"
"361","Greece Economic Indicator 361","GDP","2","124","Semi-annually","Index Points","Bureau of Labor Statistics","0","Economic indicator tracking gdp for Greece"
"362","Western Sahara Economic Indicator 362","Industrial Production","8","139","Semi-annually","Index Points","IMF","0","Economic indicator tracking industrial production for Western Sahara"
"363","Turkey Economic Indicator 363","Interest Rate","8","141","Annually","Basis Points","Bureau of Economic Analysis","0","Economic indicator tracking interest rate for Turkey"
"364","Djibouti Economic Indicator 364","Industrial Production","4","22","Daily","Basis Points","Bloomberg","1","Economic indicator tracking industrial production for Djibouti"
"365","Turks and Caicos Islands Economic Indicator 365","GDP","8","74","Daily","Index Points","Reuters","0","Economic indicator tracking gdp for Turks and Caicos Islands"
"366","Central African Republic Economic Indicator 366","GDP","11","97","Quarterly","Percentage","Census Bureau","0","Economic indicator tracking gdp for Central African Republic"
"367","Pitcairn Islands Economic Indicator 367","Inflation","1","105","Weekly","Basis Points","World Bank","0","Economic indicator tracking inflation for Pitcairn Islands"
"368","Netherlands Economic Indicator 368","Industrial Production","11","58","Monthly","Ratio","IMF","1","Economic indicator tracking industrial production for Netherlands"
"369","Swaziland Economic Indicator 369","PMI","1","130","Semi-annually","Currency","Reuters","0","Economic indicator tracking pmi for Swaziland"
"370","Greece Economic Indicator 370","Interest Rate","2","124","Monthly","Currency","Bureau of Economic Analysis","1","Economic indicator tracking interest rate for Greece"
"371","Fiji Economic Indicator 371","Consumer Confidence","7","36","Quarterly","Index Points","IMF","1","Economic indicator tracking consumer confidence for Fiji"
"372","Norway Economic Indicator 372","PMI","5","150","Semi-annually","Currency","Reuters","1","Economic indicator tracking pmi for Norway"
"373","Kiribati Economic Indicator 373","GDP","4","34","Monthly","Number","IMF","0","Economic indicator tracking gdp for Kiribati"
"374","Central African Republic Economic Indicator 374","Industrial Production","11","97","Weekly","Ratio","Bureau of Labor Statistics","0","Economic indicator tracking industrial production for Central African Republic"
"375","Cote d'Ivoire Economic Indicator 375","GDP","3","100","Semi-annually","Index Points","IMF","0","Economic indicator tracking gdp for Cote d'Ivoire"
"376","Serbia Economic Indicator 376","Interest Rate","11","49","Semi-annually","Percentage","Reuters","1","Economic indicator tracking interest rate for Serbia"
"377","Fiji Economic Indicator 377","Industrial Production","7","36","Annually","Currency","Bureau of Economic Analysis","0","Economic indicator tracking industrial production for Fiji"
"378","Germany Economic Indicator 378","Industrial Production","10","143","Monthly","Ratio","Bureau of Labor Statistics","0","Economic indicator tracking industrial production for Germany"
"379","Kuwait Economic Indicator 379","Inflation","1","63","Weekly","Percentage","Bloomberg","0","Economic indicator tracking inflation for Kuwait"
"380","Fiji Economic Indicator 380","Interest Rate","7","36","Daily","Currency","IMF","1","Economic indicator tracking interest rate for Fiji"
"381","Guadeloupe Economic Indicator 381","Interest Rate","5","50","Monthly","Percentage","Bloomberg","1","Economic indicator tracking interest rate for Guadeloupe"
"382","Norway Economic Indicator 382","Retail Sales","5","150","Annually","Basis Points","OECD","1","Economic indicator tracking retail sales for Norway"
"383","Japan Economic Indicator 383","Retail Sales","7","162","Quarterly","Percentage","World Bank","1","Economic indicator tracking retail sales for Japan"
"384","Congo Economic Indicator 384","Consumer Confidence","10","27","Weekly","Number","IMF","0","Economic indicator tracking consumer confidence for Congo"
"385","Malawi Economic Indicator 385","Retail Sales","11","169","Daily","Number","Bloomberg","0","Economic indicator tracking retail sales for Malawi"
"386","Micronesia Economic Indicator 386","GDP","7","69","Monthly","Index Points","World Bank","1","Economic indicator tracking gdp for Micronesia"
"387","Hong Kong Economic Indicator 387","Unemployment","12","116","Annually","Index Points","Federal Reserve","0","Economic indicator tracking unemployment for Hong Kong"
"388","Estonia Economic Indicator 388","Interest Rate","4","59","Quarterly","Percentage","World Bank","0","Economic indicator tracking interest rate for Estonia"
"389","Tokelau Economic Indicator 389","Housing Starts","11","75","Quarterly","Basis Points","Reuters","1","Economic indicator tracking housing starts for Tokelau"
"390","Singapore Economic Indicator 390","Inflation","10","127","Annually","Percentage","IMF","0","Economic indicator tracking inflation for Singapore"
"391","Cambodia Economic Indicator 391","Housing Starts","8","152","Annually","Currency","Census Bureau","0","Economic indicator tracking housing starts for Cambodia"
"392","Hong Kong Economic Indicator 392","Interest Rate","1","53","Monthly","Percentage","OECD","0","Economic indicator tracking interest rate for Hong Kong"
"393","Congo Economic Indicator 393","Retail Sales","11","78","Weekly","Ratio","Bureau of Economic Analysis","1","Economic indicator tracking retail sales for Congo"
"394","Saint Pierre and Miquelon Economic Indicator 394","Trade Balance","11","9","Monthly","Percentage","Federal Reserve","1","Economic indicator tracking trade balance for Saint Pierre and Miquelon"
"395","Fiji Economic Indicator 395","Industrial Production","7","36","Monthly","Basis Points","Bureau of Labor Statistics","1","Economic indicator tracking industrial production for Fiji"
"396","Aruba Economic Indicator 396","Housing Starts","3","61","Monthly","Percentage","IMF","1","Economic indicator tracking housing starts for Aruba"
"397","Burundi Economic Indicator 397","Inflation","9","8","Annually","Number","Census Bureau","1","Economic indicator tracking inflation for Burundi"
"398","Mauritania Economic Indicator 398","Unemployment","6","64","Monthly","Ratio","Census Bureau","1","Economic indicator tracking unemployment for Mauritania"
"399","Pitcairn Islands Economic Indicator 399","Housing Starts","13","180","Quarterly","Percentage","IMF","1","Economic indicator tracking housing starts for Pitcairn Islands"
"400","Oman Economic Indicator 400","Trade Balance","11","106","Semi-annually","Percentage","World Bank","0","Economic indicator tracking trade balance for Oman"
"401","Djibouti Economic Indicator 401","GDP","9","88","Monthly","Currency","Federal Reserve","1","Economic indicator tracking gdp for Djibouti"
"402","Saint Barthelemy Economic Indicator 402","Industrial Production","4","28","Daily","Index Points","Bureau of Labor Statistics","1","Economic indicator tracking industrial production for Saint Barthelemy"
"403","Pakistan Economic Indicator 403","Consumer Confidence","5","29","Quarterly","Percentage","Federal Reserve","1","Economic indicator tracking consumer confidence for Pakistan"
"404","Cote d'Ivoire Economic Indicator 404","Interest Rate","3","100","Annually","Percentage","OECD","0","Economic indicator tracking interest rate for Cote d'Ivoire"
"405","Pitcairn Islands Economic Indicator 405","Retail Sales","1","105","Annually","Percentage","Census Bureau","0","Economic indicator tracking retail sales for Pitcairn Islands"
"406","Cape Verde Economic Indicator 406","Inflation","9","47","Weekly","Ratio","Reuters","1","Economic indicator tracking inflation for Cape Verde"
"407","Uzbekistan Economic Indicator 407","Retail Sales","2","66","Annually","Currency","Reuters","0","Economic indicator tracking retail sales for Uzbekistan"
"408","Denmark Economic Indicator 408","Inflation","9","83","Annually","Currency","Federal Reserve","0","Economic indicator tracking inflation for Denmark"
"409","Serbia Economic Indicator 409","Consumer Confidence","11","49","Quarterly","Number","Federal Reserve","0","Economic indicator tracking consumer confidence for Serbia"
"410","Turks and Caicos Islands Economic Indicator 410","Unemployment","7","148","Quarterly","Index Points","Census Bureau","0","Economic indicator tracking unemployment for Turks and Caicos Islands"
"411","Bosnia and Herzegovina Economic Indicator 411","Trade Balance","13","10","Daily","Currency","IMF","0","Economic indicator tracking trade balance for Bosnia and Herzegovina"
"412","Albania Economic Indicator 412","PMI","4","39","Weekly","Percentage","Bureau of Economic Analysis","1","Economic indicator tracking pmi for Albania"
"413","Guinea Economic Indicator 413","Interest Rate","11","99","Monthly","Ratio","Federal Reserve","1","Economic indicator tracking interest rate for Guinea"
"414","Norway Economic Indicator 414","Housing Starts","5","150","Monthly","Ratio","OECD","0","Economic indicator tracking housing starts for Norway"
"415","Saint Lucia Economic Indicator 415","PMI","9","112","Annually","Ratio","Federal Reserve","1","Economic indicator tracking pmi for Saint Lucia"
"416","Luxembourg Economic Indicator 416","GDP","9","146","Annually","Ratio","Reuters","0","Economic indicator tracking gdp for Luxembourg"
"417","Jamaica Economic Indicator 417","Unemployment","13","17","Daily","Index Points","Bureau of Economic Analysis","0","Economic indicator tracking unemployment for Jamaica"
"418","Cape Verde Economic Indicator 418","Industrial Production","12","176","Weekly","Number","OECD","0","Economic indicator tracking industrial production for Cape Verde"
"419","Burundi Economic Indicator 419","Retail Sales","5","168","Monthly","Currency","Bloomberg","1","Economic indicator tracking retail sales for Burundi"
"420","Vietnam Economic Indicator 420","Trade Balance","6","104","Quarterly","Basis Points","World Bank","0","Economic indicator tracking trade balance for Vietnam"
"421","Saint Pierre and Miquelon Economic Indicator 421","Trade Balance","11","9","Monthly","Ratio","Bureau of Labor Statistics","0","Economic indicator tracking trade balance for Saint Pierre and Miquelon"
"422","Hong Kong Economic Indicator 422","Housing Starts","12","116","Daily","Number","World Bank","1","Economic indicator tracking housing starts for Hong Kong"
"423","New Caledonia Economic Indicator 423","Housing Starts","8","108","Annually","Currency","Bloomberg","0","Economic indicator tracking housing starts for New Caledonia"
"424","Pakistan Economic Indicator 424","Retail Sales","5","29","Weekly","Number","Reuters","1","Economic indicator tracking retail sales for Pakistan"
"425","Montenegro Economic Indicator 425","Consumer Confidence","6","140","Semi-annually","Number","Federal Reserve","1","Economic indicator tracking consumer confidence for Montenegro"
"426","Fiji Economic Indicator 426","PMI","12","92","Monthly","Ratio","Federal Reserve","1","Economic indicator tracking pmi for Fiji"
"427","Tokelau Economic Indicator 427","Inflation","11","75","Quarterly","Ratio","OECD","0","Economic indicator tracking inflation for Tokelau"
"428","Tonga Economic Indicator 428","Unemployment","13","89","Monthly","Currency","Census Bureau","1","Economic indicator tracking unemployment for Tonga"
"429","Egypt Economic Indicator 429","Trade Balance","7","155","Annually","Ratio","IMF","0","Economic indicator tracking trade balance for Egypt"
"430","Tanzania Economic Indicator 430","GDP","6","56","Semi-annually","Index Points","Reuters","0","Economic indicator tracking gdp for Tanzania"
"431","Honduras Economic Indicator 431","Consumer Confidence","7","67","Annually","Ratio","Bureau of Economic Analysis","0","Economic indicator tracking consumer confidence for Honduras"
"432","Burundi Economic Indicator 432","Inflation","4","154","Monthly","Number","World Bank","0","Economic indicator tracking inflation for Burundi"
"433","Cayman Islands Economic Indicator 433","Inflation","11","42","Semi-annually","Basis Points","Census Bureau","0","Economic indicator tracking inflation for Cayman Islands"
"434","Bhutan Economic Indicator 434","GDP","12","54","Quarterly","Basis Points","Reuters","1","Economic indicator tracking gdp for Bhutan"
"435","Turks and Caicos Islands Economic Indicator 435","Housing Starts","8","74","Weekly","Basis Points","Bureau of Economic Analysis","0","Economic indicator tracking housing starts for Turks and Caicos Islands"
"436","Benin Economic Indicator 436","Industrial Production","10","15","Annually","Basis Points","Bureau of Economic Analysis","0","Economic indicator tracking industrial production for Benin"
"437","Iran Economic Indicator 437","Housing Starts","10","165","Quarterly","Index Points","IMF","1","Economic indicator tracking housing starts for Iran"
"438","Myanmar Economic Indicator 438","Unemployment","10","161","Semi-annually","Percentage","World Bank","1","Economic indicator tracking unemployment for Myanmar"
"439","Pitcairn Islands Economic Indicator 439","Industrial Production","1","105","Monthly","Currency","World Bank","0","Economic indicator tracking industrial production for Pitcairn Islands"
"440","Namibia Economic Indicator 440","Housing Starts","11","35","Daily","Currency","World Bank","1","Economic indicator tracking housing starts for Namibia"
"441","Uzbekistan Economic Indicator 441","Unemployment","2","66","Quarterly","Number","Bureau of Economic Analysis","0","Economic indicator tracking unemployment for Uzbekistan"
"442","Pitcairn Islands Economic Indicator 442","PMI","13","180","Semi-annually","Currency","Bureau of Labor Statistics","0","Economic indicator tracking pmi for Pitcairn Islands"
"443","Samoa Economic Indicator 443","PMI","1","156","Annually","Basis Points","Reuters","1","Economic indicator tracking pmi for Samoa"
"444","Palau Economic Indicator 444","PMI","1","145","Daily","Currency","OECD","1","Economic indicator tracking pmi for Palau"
"445","Fiji Economic Indicator 445","Housing Starts","12","92","Weekly","Basis Points","Reuters","1","Economic indicator tracking housing starts for Fiji"
"446","Netherlands Economic Indicator 446","GDP","11","58","Weekly","Basis Points","OECD","1","Economic indicator tracking gdp for Netherlands"
"447","Niue Economic Indicator 447","Industrial Production","4","177","Weekly","Percentage","World Bank","0","Economic indicator tracking industrial production for Niue"
"448","Malawi Economic Indicator 448","GDP","11","169","Daily","Ratio","IMF","0","Economic indicator tracking gdp for Malawi"
"449","Central African Republic Economic Indicator 449","Housing Starts","11","97","Annually","Currency","Bloomberg","0","Economic indicator tracking housing starts for Central African Republic"
"450","Azerbaijan Economic Indicator 450","Unemployment","11","128","Semi-annually","Index Points","OECD","1","Economic indicator tracking unemployment for Azerbaijan"
"451","Guinea Economic Indicator 451","Inflation","11","99","Annually","Index Points","Reuters","1","Economic indicator tracking inflation for Guinea"
"452","French Polynesia Economic Indicator 452","Inflation","12","70","Monthly","Index Points","IMF","0","Economic indicator tracking inflation for French Polynesia"
"453","Cyprus Economic Indicator 453","Interest Rate","8","167","Quarterly","Percentage","Bureau of Labor Statistics","1","Economic indicator tracking interest rate for Cyprus"
"454","Egypt Economic Indicator 454","GDP","7","155","Annually","Ratio","Reuters","1","Economic indicator tracking gdp for Egypt"
"455","Poland Economic Indicator 455","Housing Starts","5","123","Quarterly","Ratio","Bloomberg","0","Economic indicator tracking housing starts for Poland"
"456","Haiti Economic Indicator 456","Trade Balance","2","96","Monthly","Basis Points","OECD","0","Economic indicator tracking trade balance for Haiti"
"457","French Polynesia Economic Indicator 457","Unemployment","12","70","Semi-annually","Number","IMF","0","Economic indicator tracking unemployment for French Polynesia"
"458","Bolivia Economic Indicator 458","Industrial Production","7","90","Monthly","Currency","Bureau of Labor Statistics","0","Economic indicator tracking industrial production for Bolivia"
"459","Chile Economic Indicator 459","Retail Sales","1","110","Monthly","Index Points","Bloomberg","0","Economic indicator tracking retail sales for Chile"
"460","French Guiana Economic Indicator 460","Trade Balance","5","85","Annually","Currency","IMF","1","Economic indicator tracking trade balance for French Guiana"
"461","Senegal Economic Indicator 461","PMI","12","40","Semi-annually","Ratio","Bureau of Economic Analysis","0","Economic indicator tracking pmi for Senegal"
"462","Cuba Economic Indicator 462","Industrial Production","8","21","Annually","Currency","OECD","1","Economic indicator tracking industrial production for Cuba"
"463","Chile Economic Indicator 463","Industrial Production","1","110","Annually","Percentage","IMF","1","Economic indicator tracking industrial production for Chile"
"464","Saudi Arabia Economic Indicator 464","Interest Rate","1","172","Daily","Number","Bloomberg","1","Economic indicator tracking interest rate for Saudi Arabia"
"465","Indonesia Economic Indicator 465","Unemployment","2","147","Monthly","Currency","Bloomberg","1","Economic indicator tracking unemployment for Indonesia"
"466","Guyana Economic Indicator 466","Retail Sales","10","166","Quarterly","Ratio","Bureau of Economic Analysis","0","Economic indicator tracking retail sales for Guyana"
"467","Falkland Islands (Malvinas) Economic Indicator 467","Unemployment","12","5","Quarterly","Index Points","Federal Reserve","0","Economic indicator tracking unemployment for Falkland Islands (Malvinas)"
"468","Portugal Economic Indicator 468","Unemployment","1","120","Quarterly","Basis Points","Federal Reserve","0","Economic indicator tracking unemployment for Portugal"
"469","Denmark Economic Indicator 469","Housing Starts","9","83","Semi-annually","Basis Points","Bloomberg","0","Economic indicator tracking housing starts for Denmark"
"470","Haiti Economic Indicator 470","Unemployment","2","96","Weekly","Basis Points","Bureau of Economic Analysis","0","Economic indicator tracking unemployment for Haiti"
"471","Niue Economic Indicator 471","Inflation","4","177","Daily","Ratio","Bureau of Economic Analysis","1","Economic indicator tracking inflation for Niue"
"472","Turks and Caicos Islands Economic Indicator 472","Interest Rate","8","74","Quarterly","Ratio","Bloomberg","1","Economic indicator tracking interest rate for Turks and Caicos Islands"
"473","Turks and Caicos Islands Economic Indicator 473","Consumer Confidence","7","148","Monthly","Currency","Bloomberg","1","Economic indicator tracking consumer confidence for Turks and Caicos Islands"
"474","Estonia Economic Indicator 474","Unemployment","8","153","Annually","Percentage","IMF","0","Economic indicator tracking unemployment for Estonia"
"475","Guinea-Bissau Economic Indicator 475","Inflation","2","55","Semi-annually","Index Points","Bloomberg","0","Economic indicator tracking inflation for Guinea-Bissau"
"476","Central African Republic Economic Indicator 476","Trade Balance","11","97","Annually","Number","Bureau of Labor Statistics","0","Economic indicator tracking trade balance for Central African Republic"
"477","Samoa Economic Indicator 477","Inflation","1","156","Annually","Currency","Bloomberg","1","Economic indicator tracking inflation for Samoa"
"478","Djibouti Economic Indicator 478","GDP","4","22","Semi-annually","Currency","OECD","1","Economic indicator tracking gdp for Djibouti"
"479","Kyrgyz Republic Economic Indicator 479","Trade Balance","11","115","Weekly","Ratio","Bureau of Economic Analysis","0","Economic indicator tracking trade balance for Kyrgyz Republic"
"480","Germany Economic Indicator 480","Interest Rate","10","143","Semi-annually","Index Points","Bloomberg","0","Economic indicator tracking interest rate for Germany"
"481","Bahrain Economic Indicator 481","Industrial Production","10","183","Semi-annually","Ratio","IMF","0","Economic indicator tracking industrial production for Bahrain"
"482","Moldova Economic Indicator 482","PMI","12","121","Quarterly","Ratio","Bureau of Economic Analysis","0","Economic indicator tracking pmi for Moldova"
"483","Burundi Economic Indicator 483","GDP","9","8","Monthly","Basis Points","Federal Reserve","0","Economic indicator tracking gdp for Burundi"
"484","Kuwait Economic Indicator 484","Industrial Production","1","151","Semi-annually","Number","Federal Reserve","1","Economic indicator tracking industrial production for Kuwait"
"485","Uzbekistan Economic Indicator 485","Inflation","4","118","Quarterly","Percentage","Census Bureau","1","Economic indicator tracking inflation for Uzbekistan"
"486","Bosnia and Herzegovina Economic Indicator 486","Inflation","13","10","Semi-annually","Number","Federal Reserve","0","Economic indicator tracking inflation for Bosnia and Herzegovina"
"487","Ecuador Economic Indicator 487","Industrial Production","2","6","Weekly","Basis Points","IMF","0","Economic indicator tracking industrial production for Ecuador"
"488","Singapore Economic Indicator 488","PMI","10","127","Monthly","Basis Points","Federal Reserve","0","Economic indicator tracking pmi for Singapore"
"489","Central African Republic Economic Indicator 489","Inflation","13","114","Daily","Basis Points","Census Bureau","0","Economic indicator tracking inflation for Central African Republic"
"490","Romania Economic Indicator 490","Trade Balance","4","79","Annually","Ratio","Bloomberg","1","Economic indicator tracking trade balance for Romania"
"491","Montenegro Economic Indicator 491","Trade Balance","6","140","Annually","Basis Points","Federal Reserve","1","Economic indicator tracking trade balance for Montenegro"
"492","Cote d'Ivoire Economic Indicator 492","Industrial Production","3","100","Semi-annually","Currency","Reuters","0","Economic indicator tracking industrial production for Cote d'Ivoire"
"493","Swaziland Economic Indicator 493","Retail Sales","1","130","Semi-annually","Basis Points","Bloomberg","1","Economic indicator tracking retail sales for Swaziland"
"494","Cyprus Economic Indicator 494","Housing Starts","4","33","Annually","Number","OECD","1","Economic indicator tracking housing starts for Cyprus"
"495","Qatar Economic Indicator 495","Interest Rate","10","43","Weekly","Basis Points","OECD","0","Economic indicator tracking interest rate for Qatar"
"496","Cayman Islands Economic Indicator 496","Industrial Production","3","178","Semi-annually","Ratio","Federal Reserve","1","Economic indicator tracking industrial production for Cayman Islands"
"497","Poland Economic Indicator 497","Inflation","5","123","Daily","Number","Bureau of Labor Statistics","0","Economic indicator tracking inflation for Poland"
"498","Hong Kong Economic Indicator 498","Industrial Production","1","53","Semi-annually","Currency","World Bank","0","Economic indicator tracking industrial production for Hong Kong"
"499","Italy Economic Indicator 499","PMI","1","32","Semi-annually","Number","World Bank","1","Economic indicator tracking pmi for Italy"
"500","French Polynesia Economic Indicator 500","Industrial Production","12","70","Daily","Currency","Census Bureau","1","Economic indicator tracking industrial production for French Polynesia"
"501","Sri Lanka Economic Indicator 501","Consumer Confidence","2","132","Semi-annually","Currency","Reuters","1","Economic indicator tracking consumer confidence for Sri Lanka"
"502","Mauritania Economic Indicator 502","PMI","6","64","Weekly","Basis Points","OECD","1","Economic indicator tracking pmi for Mauritania"
"503","Netherlands Economic Indicator 503","Retail Sales","5","24","Semi-annually","Basis Points","IMF","0","Economic indicator tracking retail sales for Netherlands"
"504","Netherlands Economic Indicator 504","Inflation","11","58","Weekly","Currency","Bloomberg","0","Economic indicator tracking inflation for Netherlands"
"505","Cuba Economic Indicator 505","Housing Starts","8","21","Weekly","Ratio","Federal Reserve","1","Economic indicator tracking housing starts for Cuba"
"506","Samoa Economic Indicator 506","GDP","1","156","Monthly","Index Points","OECD","0","Economic indicator tracking gdp for Samoa"
"507","Fiji Economic Indicator 507","Trade Balance","7","36","Daily","Number","IMF","0","Economic indicator tracking trade balance for Fiji"
"508","Tokelau Economic Indicator 508","Retail Sales","10","174","Weekly","Ratio","World Bank","1","Economic indicator tracking retail sales for Tokelau"
"509","Djibouti Economic Indicator 509","Unemployment","4","22","Semi-annually","Basis Points","Reuters","0","Economic indicator tracking unemployment for Djibouti"
"510","Guadeloupe Economic Indicator 510","GDP","5","50","Semi-annually","Ratio","Reuters","0","Economic indicator tracking gdp for Guadeloupe"
"511","Azerbaijan Economic Indicator 511","Trade Balance","11","128","Daily","Percentage","IMF","1","Economic indicator tracking trade balance for Azerbaijan"
"512","Sudan Economic Indicator 512","Consumer Confidence","7","37","Semi-annually","Number","Census Bureau","1","Economic indicator tracking consumer confidence for Sudan"
"513","Aruba Economic Indicator 513","GDP","3","61","Annually","Number","OECD","1","Economic indicator tracking gdp for Aruba"
"514","Guyana Economic Indicator 514","Inflation","13","76","Quarterly","Currency","Federal Reserve","0","Economic indicator tracking inflation for Guyana"
"515","Aruba Economic Indicator 515","Trade Balance","3","61","Semi-annually","Ratio","Federal Reserve","0","Economic indicator tracking trade balance for Aruba"
"516","Nepal Economic Indicator 516","Trade Balance","11","182","Annually","Ratio","Bloomberg","1","Economic indicator tracking trade balance for Nepal"
"517","Bahrain Economic Indicator 517","PMI","1","136","Quarterly","Ratio","Bloomberg","0","Economic indicator tracking pmi for Bahrain"
"518","Switzerland Economic Indicator 518","Interest Rate","7","71","Quarterly","Index Points","World Bank","0","Economic indicator tracking interest rate for Switzerland"
"519","Saint Lucia Economic Indicator 519","Industrial Production","9","112","Monthly","Index Points","Census Bureau","1","Economic indicator tracking industrial production for Saint Lucia"
"520","Barbados Economic Indicator 520","Interest Rate","12","107","Quarterly","Percentage","Bureau of Economic Analysis","1","Economic indicator tracking interest rate for Barbados"
"521","Serbia Economic Indicator 521","Interest Rate","11","49","Monthly","Number","OECD","0","Economic indicator tracking interest rate for Serbia"
"522","Guadeloupe Economic Indicator 522","GDP","5","50","Semi-annually","Basis Points","Bureau of Labor Statistics","1","Economic indicator tracking gdp for Guadeloupe"
"523","Azerbaijan Economic Indicator 523","Inflation","11","128","Semi-annually","Basis Points","Census Bureau","1","Economic indicator tracking inflation for Azerbaijan"
"524","Bhutan Economic Indicator 524","GDP","12","54","Annually","Currency","Bloomberg","0","Economic indicator tracking gdp for Bhutan"
"525","Mayotte Economic Indicator 525","PMI","6","31","Quarterly","Percentage","OECD","0","Economic indicator tracking pmi for Mayotte"
"526","Tokelau Economic Indicator 526","Housing Starts","11","75","Annually","Currency","Reuters","1","Economic indicator tracking housing starts for Tokelau"
"527","Sri Lanka Economic Indicator 527","Interest Rate","2","132","Semi-annually","Ratio","Bloomberg","1","Economic indicator tracking interest rate for Sri Lanka"
"528","Mayotte Economic Indicator 528","Interest Rate","6","31","Monthly","Index Points","Federal Reserve","0","Economic indicator tracking interest rate for Mayotte"
"529","Serbia Economic Indicator 529","Consumer Confidence","11","49","Quarterly","Number","Bureau of Labor Statistics","1","Economic indicator tracking consumer confidence for Serbia"
"530","Sri Lanka Economic Indicator 530","Interest Rate","2","132","Quarterly","Percentage","Federal Reserve","0","Economic indicator tracking interest rate for Sri Lanka"
"531","Niue Economic Indicator 531","Industrial Production","11","72","Daily","Percentage","Federal Reserve","0","Economic indicator tracking industrial production for Niue"
"532","Netherlands Economic Indicator 532","PMI","11","58","Weekly","Number","Census Bureau","0","Economic indicator tracking pmi for Netherlands"
"533","Djibouti Economic Indicator 533","Inflation","4","22","Weekly","Ratio","Bloomberg","1","Economic indicator tracking inflation for Djibouti"
"534","Guyana Economic Indicator 534","Consumer Confidence","10","166","Monthly","Basis Points","Bureau of Labor Statistics","1","Economic indicator tracking consumer confidence for Guyana"
"535","Ukraine Economic Indicator 535","Retail Sales","3","163","Annually","Ratio","OECD","1","Economic indicator tracking retail sales for Ukraine"
"536","Cape Verde Economic Indicator 536","Unemployment","12","176","Annually","Basis Points","Bureau of Labor Statistics","0","Economic indicator tracking unemployment for Cape Verde"
"537","Bermuda Economic Indicator 537","Industrial Production","5","52","Quarterly","Currency","Census Bureau","1","Economic indicator tracking industrial production for Bermuda"
"538","Antigua and Barbuda Economic Indicator 538","PMI","11","131","Annually","Index Points","Federal Reserve","0","Economic indicator tracking pmi for Antigua and Barbuda"
"539","Bosnia and Herzegovina Economic Indicator 539","Retail Sales","13","10","Quarterly","Currency","Federal Reserve","0","Economic indicator tracking retail sales for Bosnia and Herzegovina"
"540","Ukraine Economic Indicator 540","Interest Rate","3","163","Annually","Currency","Reuters","1","Economic indicator tracking interest rate for Ukraine"
"541","Saint Barthelemy Economic Indicator 541","Trade Balance","11","142","Monthly","Index Points","Census Bureau","0","Economic indicator tracking trade balance for Saint Barthelemy"
"542","Hungary Economic Indicator 542","Retail Sales","11","184","Annually","Number","World Bank","1","Economic indicator tracking retail sales for Hungary"
"543","Lithuania Economic Indicator 543","Consumer Confidence","7","170","Annually","Ratio","Bureau of Labor Statistics","1","Economic indicator tracking consumer confidence for Lithuania"
"544","Kuwait Economic Indicator 544","Trade Balance","1","63","Monthly","Basis Points","Reuters","0","Economic indicator tracking trade balance for Kuwait"
"545","Barbados Economic Indicator 545","Retail Sales","12","107","Daily","Basis Points","Reuters","1","Economic indicator tracking retail sales for Barbados"
"546","Somalia Economic Indicator 546","Inflation","13","179","Daily","Ratio","Bureau of Labor Statistics","1","Economic indicator tracking inflation for Somalia"
"547","Swaziland Economic Indicator 547","Unemployment","1","130","Semi-annually","Index Points","World Bank","1","Economic indicator tracking unemployment for Swaziland"
"548","Estonia Economic Indicator 548","GDP","8","153","Semi-annually","Basis Points","Bloomberg","0","Economic indicator tracking gdp for Estonia"
"549","Saint Barthelemy Economic Indicator 549","Housing Starts","4","28","Annually","Basis Points","OECD","0","Economic indicator tracking housing starts for Saint Barthelemy"
"550","Sudan Economic Indicator 550","Housing Starts","7","37","Weekly","Basis Points","Reuters","1","Economic indicator tracking housing starts for Sudan"
"551","Guyana Economic Indicator 551","PMI","10","166","Weekly","Percentage","Bureau of Labor Statistics","1","Economic indicator tracking pmi for Guyana"
"552","Nauru Economic Indicator 552","Unemployment","9","16","Weekly","Ratio","Federal Reserve","1","Economic indicator tracking unemployment for Nauru"