"industry_id","industry_name","industry_code","sector_id","description"
"1","Sector 39 Industry 1","IND001","39","Industry within the Sector 39 sector"
"2","Healthcare Industry 2","IND002","1","Industry within the Healthcare sector"
"3","Sector 18 Industry 3","IND003","18","Industry within the Sector 18 sector"
"4","Communication Services Industry 4","IND004","10","Industry within the Communication Services sector"
"5","Real Estate Industry 5","IND005","9","Industry within the Real Estate sector"
"6","Sector 35 Industry 6","IND006","35","Industry within the Sector 35 sector"
"7","Sector 17 Industry 7","IND007","17","Industry within the Sector 17 sector"
"8","Sector 12 Industry 8","IND008","12","Industry within the Sector 12 sector"
"9","Utilities Industry 9","IND009","8","Industry within the Utilities sector"
"10","Financials Industry 10","IND010","2","Industry within the Financials sector"
"11","Real Estate Industry 11","IND011","9","Industry within the Real Estate sector"
"12","Healthcare Industry 12","IND012","1","Industry within the Healthcare sector"
"13","Sector 23 Industry 13","IND013","23","Industry within the Sector 23 sector"
"14","Sector 16 Industry 14","IND014","16","Industry within the Sector 16 sector"
"15","Sector 38 Industry 15","IND015","38","Industry within the Sector 38 sector"
"16","Sector 21 Industry 16","IND016","21","Industry within the Sector 21 sector"
"17","Financials Industry 17","IND017","2","Industry within the Financials sector"
"18","Sector 12 Industry 18","IND018","12","Industry within the Sector 12 sector"
"19","Sector 17 Industry 19","IND019","17","Industry within the Sector 17 sector"
"20","Consumer Staples Industry 20","IND020","4","Industry within the Consumer Staples sector"
"21","Real Estate Industry 21","IND021","9","Industry within the Real Estate sector"
"22","Sector 27 Industry 22","IND022","27","Industry within the Sector 27 sector"
"23","Sector 34 Industry 23","IND023","34","Industry within the Sector 34 sector"
"24","Utilities Industry 24","IND024","8","Industry within the Utilities sector"
"25","Energy Industry 25","IND025","5","Industry within the Energy sector"
"26","Sector 31 Industry 26","IND026","31","Industry within the Sector 31 sector"
"27","Sector 29 Industry 27","IND027","29","Industry within the Sector 29 sector"
"28","Sector 24 Industry 28","IND028","24","Industry within the Sector 24 sector"
"29","Sector 33 Industry 29","IND029","33","Industry within the Sector 33 sector"
"30","Sector 38 Industry 30","IND030","38","Industry within the Sector 38 sector"
"31","Industrials Industry 31","IND031","7","Industry within the Industrials sector"
"32","Sector 29 Industry 32","IND032","29","Industry within the Sector 29 sector"
"33","Sector 33 Industry 33","IND033","33","Industry within the Sector 33 sector"
"34","Sector 15 Industry 34","IND034","15","Industry within the Sector 15 sector"
"35","Consumer Discretionary Industry 35","IND035","3","Industry within the Consumer Discretionary sector"
"36","Sector 34 Industry 36","IND036","34","Industry within the Sector 34 sector"
"37","Sector 20 Industry 37","IND037","20","Industry within the Sector 20 sector"
"38","Sector 30 Industry 38","IND038","30","Industry within the Sector 30 sector"
"39","Financials Industry 39","IND039","2","Industry within the Financials sector"
"40","Consumer Staples Industry 40","IND040","4","Industry within the Consumer Staples sector"
"41","Sector 31 Industry 41","IND041","31","Industry within the Sector 31 sector"
"42","Sector 26 Industry 42","IND042","26","Industry within the Sector 26 sector"
"43","Sector 28 Industry 43","IND043","28","Industry within the Sector 28 sector"
"44","Industrials Industry 44","IND044","7","Industry within the Industrials sector"
"45","Sector 32 Industry 45","IND045","32","Industry within the Sector 32 sector"
"46","Sector 29 Industry 46","IND046","29","Industry within the Sector 29 sector"
"47","Energy Industry 47","IND047","5","Industry within the Energy sector"
"48","Materials Industry 48","IND048","6","Industry within the Materials sector"
"49","Sector 21 Industry 49","IND049","21","Industry within the Sector 21 sector"
"50","Sector 39 Industry 50","IND050","39","Industry within the Sector 39 sector"
"51","Communication Services Industry 51","IND051","10","Industry within the Communication Services sector"
"52","Energy Industry 52","IND052","5","Industry within the Energy sector"
"53","Real Estate Industry 53","IND053","9","Industry within the Real Estate sector"
"54","Sector 18 Industry 54","IND054","18","Industry within the Sector 18 sector"
"55","Sector 38 Industry 55","IND055","38","Industry within the Sector 38 sector"
"56","Sector 36 Industry 56","IND056","36","Industry within the Sector 36 sector"
"57","Sector 21 Industry 57","IND057","21","Industry within the Sector 21 sector"
"58","Sector 25 Industry 58","IND058","25","Industry within the Sector 25 sector"
"59","Sector 39 Industry 59","IND059","39","Industry within the Sector 39 sector"
"60","Sector 34 Industry 60","IND060","34","Industry within the Sector 34 sector"
"61","Sector 19 Industry 61","IND061","19","Industry within the Sector 19 sector"
"62","Sector 30 Industry 62","IND062","30","Industry within the Sector 30 sector"
"63","Sector 33 Industry 63","IND063","33","Industry within the Sector 33 sector"
"64","Sector 39 Industry 64","IND064","39","Industry within the Sector 39 sector"
"65","Sector 28 Industry 65","IND065","28","Industry within the Sector 28 sector"
"66","Industrials Industry 66","IND066","7","Industry within the Industrials sector"
"67","Utilities Industry 67","IND067","8","Industry within the Utilities sector"
"68","Sector 36 Industry 68","IND068","36","Industry within the Sector 36 sector"
"69","Sector 14 Industry 69","IND069","14","Industry within the Sector 14 sector"
"70","Sector 28 Industry 70","IND070","28","Industry within the Sector 28 sector"
"71","Sector 29 Industry 71","IND071","29","Industry within the Sector 29 sector"
"72","Sector 15 Industry 72","IND072","15","Industry within the Sector 15 sector"
"73","Sector 27 Industry 73","IND073","27","Industry within the Sector 27 sector"
"74","Sector 22 Industry 74","IND074","22","Industry within the Sector 22 sector"
"75","Sector 30 Industry 75","IND075","30","Industry within the Sector 30 sector"
"76","Sector 26 Industry 76","IND076","26","Industry within the Sector 26 sector"
"77","Sector 27 Industry 77","IND077","27","Industry within the Sector 27 sector"
"78","Industrials Industry 78","IND078","7","Industry within the Industrials sector"
"79","Sector 21 Industry 79","IND079","21","Industry within the Sector 21 sector"
"80","Sector 28 Industry 80","IND080","28","Industry within the Sector 28 sector"
"81","Sector 21 Industry 81","IND081","21","Industry within the Sector 21 sector"
"82","Sector 17 Industry 82","IND082","17","Industry within the Sector 17 sector"
"83","Sector 24 Industry 83","IND083","24","Industry within the Sector 24 sector"
"84","Communication Services Industry 84","IND084","10","Industry within the Communication Services sector"
"85","Sector 31 Industry 85","IND085","31","Industry within the Sector 31 sector"
"86","Energy Industry 86","IND086","5","Industry within the Energy sector"
"87","Materials Industry 87","IND087","6","Industry within the Materials sector"
"88","Materials Industry 88","IND088","6","Industry within the Materials sector"
"89","Materials Industry 89","IND089","6","Industry within the Materials sector"
"90","Sector 28 Industry 90","IND090","28","Industry within the Sector 28 sector"
"91","Industrials Industry 91","IND091","7","Industry within the Industrials sector"
"92","Sector 24 Industry 92","IND092","24","Industry within the Sector 24 sector"
"93","Real Estate Industry 93","IND093","9","Industry within the Real Estate sector"
"94","Sector 36 Industry 94","IND094","36","Industry within the Sector 36 sector"
"95","Consumer Staples Industry 95","IND095","4","Industry within the Consumer Staples sector"
"96","Sector 38 Industry 96","IND096","38","Industry within the Sector 38 sector"
"97","Sector 36 Industry 97","IND097","36","Industry within the Sector 36 sector"
"98","Sector 36 Industry 98","IND098","36","Industry within the Sector 36 sector"
"99","Sector 22 Industry 99","IND099","22","Industry within the Sector 22 sector"
"100","Utilities Industry 100","IND100","8","Industry within the Utilities sector"
"101","Sector 27 Industry 101","IND101","27","Industry within the Sector 27 sector"
"102","Sector 23 Industry 102","IND102","23","Industry within the Sector 23 sector"
"103","Sector 28 Industry 103","IND103","28","Industry within the Sector 28 sector"