"region_id","region_name","region_code","continent","description"
"1","Australia Region 1","REG001","Australia","Economic and geographic region covering Australia area 1"
"2","Australia Region 2","REG002","Australia","Economic and geographic region covering Australia area 2"
"3","Australia Region 3","REG003","Australia","Economic and geographic region covering Australia area 3"
"4","Africa Region 4","REG004","Africa","Economic and geographic region covering Africa area 4"
"5","Asia Region 5","REG005","Asia","Economic and geographic region covering Asia area 5"
"6","South America Region 6","REG006","South America","Economic and geographic region covering South America area 6"
"7","Asia Region 7","REG007","Asia","Economic and geographic region covering Asia area 7"
"8","Africa Region 8","REG008","Africa","Economic and geographic region covering Africa area 8"
"9","Europe Region 9","REG009","Europe","Economic and geographic region covering Europe area 9"
"10","Antarctica Region 10","REG010","Antarctica","Economic and geographic region covering Antarctica area 10"
"11","Antarctica Region 11","REG011","Antarctica","Economic and geographic region covering Antarctica area 11"
"12","North America Region 12","REG012","North America","Economic and geographic region covering North America area 12"
"13","Antarctica Region 13","REG013","Antarctica","Economic and geographic region covering Antarctica area 13"