"sector_id","sector_name","sector_code","description","parent_sector_id"
"1","Healthcare","SEC001","Sector covering Healthcare industries and businesses","null"
"2","Financials","SEC002","Sector covering Financials industries and businesses","1"
"3","Consumer Discretionary","SEC003","Sector covering Consumer Discretionary industries and businesses","null"
"4","Consumer Staples","SEC004","Sector covering Consumer Staples industries and businesses","null"
"5","Energy","SEC005","Sector covering Energy industries and businesses","null"
"6","Materials","SEC006","Sector covering Materials industries and businesses","null"
"7","Industrials","SEC007","Sector covering Industrials industries and businesses","null"
"8","Utilities","SEC008","Sector covering Utilities industries and businesses","null"
"9","Real Estate","SEC009","Sector covering Real Estate industries and businesses","null"
"10","Communication Services","SEC010","Sector covering Communication Services industries and businesses","null"
"11","Technology","SEC011","Sector covering Technology industries and businesses","null"
"12","Sector 12","SEC012","Sector covering Sector 12 industries and businesses","null"
"13","Sector 13","SEC013","Sector covering Sector 13 industries and businesses","null"
"14","Sector 14","SEC014","Sector covering Sector 14 industries and businesses","null"
"15","Sector 15","SEC015","Sector covering Sector 15 industries and businesses","12"
"16","Sector 16","SEC016","Sector covering Sector 16 industries and businesses","null"
"17","Sector 17","SEC017","Sector covering Sector 17 industries and businesses","null"
"18","Sector 18","SEC018","Sector covering Sector 18 industries and businesses","null"
"19","Sector 19","SEC019","Sector covering Sector 19 industries and businesses","null"
"20","Sector 20","SEC020","Sector covering Sector 20 industries and businesses","12"
"21","Sector 21","SEC021","Sector covering Sector 21 industries and businesses","null"
"22","Sector 22","SEC022","Sector covering Sector 22 industries and businesses","null"
"23","Sector 23","SEC023","Sector covering Sector 23 industries and businesses","null"
"24","Sector 24","SEC024","Sector covering Sector 24 industries and businesses","null"
"25","Sector 25","SEC025","Sector covering Sector 25 industries and businesses","4"
"26","Sector 26","SEC026","Sector covering Sector 26 industries and businesses","null"
"27","Sector 27","SEC027","Sector covering Sector 27 industries and businesses","null"
"28","Sector 28","SEC028","Sector covering Sector 28 industries and businesses","7"
"29","Sector 29","SEC029","Sector covering Sector 29 industries and businesses","null"
"30","Sector 30","SEC030","Sector covering Sector 30 industries and businesses","null"
"31","Sector 31","SEC031","Sector covering Sector 31 industries and businesses","26"
"32","Sector 32","SEC032","Sector covering Sector 32 industries and businesses","null"
"33","Sector 33","SEC033","Sector covering Sector 33 industries and businesses","null"
"34","Sector 34","SEC034","Sector covering Sector 34 industries and businesses","null"
"35","Sector 35","SEC035","Sector covering Sector 35 industries and businesses","14"
"36","Sector 36","SEC036","Sector covering Sector 36 industries and businesses","null"
"37","Sector 37","SEC037","Sector covering Sector 37 industries and businesses","null"
"38","Sector 38","SEC038","Sector covering Sector 38 industries and businesses","10"
"39","Sector 39","SEC039","Sector covering Sector 39 industries and businesses","null"