"team_id","team_name","team_lead_id","department_id","formation_date","dissolution_date","description","status"
"1","Technology Team 1","ADVMQT68","10","2024-05-11","null","Team responsible for technology activities","Active"
"2","Investment Banking Team 2","ADV90S1M","6","2017-02-23","null","Team responsible for investment banking activities","Active"
"3","Investment Banking Team 3","ADVB5FAA","6","2004-12-09","null","Team responsible for investment banking activities","Active"
"4","Operations Team 4","ADVQMRZ8","3","2016-01-15","null","Team responsible for operations activities","Active"
"5","Human Resources Team 5","ADV0X1FQ","9","2015-09-20","null","Team responsible for human resources activities","Active"
"6","Operations Team 6","ADV2SK10","3","2020-03-23","null","Team responsible for operations activities","Active"
"7","Operations Team 7","ADV77G1P","3","2013-12-04","null","Team responsible for operations activities","Active"
"8","Marketing Team 8","ADVAECEW","8","2023-05-25","null","Team responsible for marketing activities","Active"
"9","Legal Team 9","ADV7SDL5","1","2015-10-26","null","Team responsible for legal activities","Active"
"10","Operations Team 10","ADV5NTZX","3","2024-07-20","null","Team responsible for operations activities","Active"
"11","Legal Team 11","ADVOUXDX","1","2018-06-29","null","Team responsible for legal activities","Active"
"12","Wealth Management Team 12","ADVBZ78Q","7","2015-06-15","null","Team responsible for wealth management activities","Active"
"13","Human Resources Team 13","ADVNM08K","9","2025-04-04","null","Team responsible for human resources activities","Active"
"14","Compliance Team 14","ADVTSZ0P","2","2024-09-10","null","Team responsible for compliance activities","Active"
"15","Marketing Team 15","ADV4II63","8","2023-10-23","null","Team responsible for marketing activities","Active"
"16","Technology Team 16","ADVLY98E","10","2025-04-02","null","Team responsible for technology activities","Active"
"17","Operations Team 17","ADVLEIUZ","3","2022-06-17","null","Team responsible for operations activities","Active"
"18","Investment Banking Team 18","ADVMZKKK","6","2022-03-07","null","Team responsible for investment banking activities","Active"
"19","Marketing Team 19","ADV9Y7DM","8","2022-12-08","null","Team responsible for marketing activities","Active"
"20","Investment Banking Team 20","ADVI09MT","6","2005-02-03","null","Team responsible for investment banking activities","Active"
"21","Investment Banking Team 21","ADVZUS1Z","6","2003-10-20","null","Team responsible for investment banking activities","Active"
"22","Technology Team 22","ADVB25X1","10","2024-10-31","null","Team responsible for technology activities","Active"
"23","Human Resources Team 23","ADVG9DDV","9","2020-05-10","null","Team responsible for human resources activities","Active"
"24","Operations Team 24","ADV22S0J","3","2012-10-30","null","Team responsible for operations activities","Active"
"25","Research Team 25","ADV677V2","4","2021-04-16","null","Team responsible for research activities","Active"
"26","Compliance Team 26","ADVRD15G","2","2018-01-16","null","Team responsible for compliance activities","Active"
"27","Compliance Team 27","ADVMAA7H","2","2001-11-06","null","Team responsible for compliance activities","Active"
"28","Marketing Team 28","ADV2PMNC","8","2023-10-29","2025-04-22","Team responsible for marketing activities","Inactive"
"29","Investment Banking Team 29","ADVP9JRB","6","2021-10-15","null","Team responsible for investment banking activities","Active"
"30","Technology Team 30","ADVXDO3V","10","2021-09-18","null","Team responsible for technology activities","Active"
"31","Legal Team 31","ADV7L57A","1","2017-02-27","null","Team responsible for legal activities","Active"
"32","Legal Team 32","ADVFR5HG","1","2024-07-13","null","Team responsible for legal activities","Active"
"33","Technology Team 33","ADVROOOB","10","2014-09-12","null","Team responsible for technology activities","Active"
"34","Technology Team 34","ADV0RUXG","10","2023-11-27","null","Team responsible for technology activities","Active"
"35","Operations Team 35","ADV9ZN4Y","3","2024-09-14","null","Team responsible for operations activities","Active"
"36","Compliance Team 36","ADVZ616V","2","2016-10-01","null","Team responsible for compliance activities","Active"
"37","Operations Team 37","ADVB6TML","3","2020-06-07","null","Team responsible for operations activities","Active"
"38","Finance Team 38","ADV90S1M","5","2019-12-07","null","Team responsible for finance activities","Active"
"39","Operations Team 39","ADVDG7F4","3","2023-06-23","null","Team responsible for operations activities","Active"
"40","Finance Team 40","ADVUJBU0","5","2012-10-10","null","Team responsible for finance activities","Active"
"41","Operations Team 41","ADVFXZYK","3","2020-06-20","null","Team responsible for operations activities","Active"
"42","Finance Team 42","ADV3QCH7","5","2025-03-18","null","Team responsible for finance activities","Active"
"43","Research Team 43","ADV7I9BS","4","2015-01-19","null","Team responsible for research activities","Active"
"44","Legal Team 44","ADVO3RD3","1","2024-01-29","null","Team responsible for legal activities","Active"
"45","Research Team 45","ADVBNKYZ","4","2023-04-10","null","Team responsible for research activities","Active"
"46","Legal Team 46","ADVCEV1H","1","2024-10-19","null","Team responsible for legal activities","Active"
"47","Marketing Team 47","ADVZIZA3","8","2021-04-13","2023-04-05","Team responsible for marketing activities","Inactive"
"48","Legal Team 48","ADVQ4KKO","1","2022-08-27","2024-03-30","Team responsible for legal activities","Inactive"
"49","Technology Team 49","ADVDU3QK","10","2022-03-19","null","Team responsible for technology activities","Active"
"50","Investment Banking Team 50","ADV39ESE","6","2024-03-02","null","Team responsible for investment banking activities","Active"
"51","Investment Banking Team 51","ADVBS5FI","6","2017-11-12","null","Team responsible for investment banking activities","Active"
"52","Technology Team 52","ADVV39Y2","10","2023-07-11","null","Team responsible for technology activities","Active"
"53","Research Team 53","ADVN4302","4","2023-02-24","null","Team responsible for research activities","Active"
"54","Finance Team 54","ADV51IFI","5","2021-11-04","null","Team responsible for finance activities","Active"
"55","Marketing Team 55","ADVCK9XH","8","2016-10-20","null","Team responsible for marketing activities","Active"
"56","Investment Banking Team 56","ADVS1FO0","6","2012-02-03","2013-06-17","Team responsible for investment banking activities","Inactive"
"57","Wealth Management Team 57","ADVPZNT1","7","2024-01-21","null","Team responsible for wealth management activities","Active"
"58","Technology Team 58","ADVC3WJI","10","2012-12-17","null","Team responsible for technology activities","Active"
"59","Technology Team 59","ADV7CGEF","10","2005-08-29","null","Team responsible for technology activities","Active"
"60","Finance Team 60","ADVV0T5X","5","2023-11-12","null","Team responsible for finance activities","Active"
"61","Wealth Management Team 61","ADVJA0CC","7","2024-12-23","null","Team responsible for wealth management activities","Active"
"62","Investment Banking Team 62","ADVU7MX3","6","2024-10-09","null","Team responsible for investment banking activities","Active"
"63","Wealth Management Team 63","ADVTBHOI","7","2020-08-09","null","Team responsible for wealth management activities","Active"
"64","Operations Team 64","ADVJTM9F","3","2022-03-31","null","Team responsible for operations activities","Active"
"65","Technology Team 65","ADV0DMNV","10","2015-06-05","null","Team responsible for technology activities","Active"
"66","Operations Team 66","ADVIKVW2","3","2016-06-20","null","Team responsible for operations activities","Active"
"67","Investment Banking Team 67","ADV0EH43","6","2020-06-19","null","Team responsible for investment banking activities","Active"
"68","Legal Team 68","ADVJTM9F","1","2019-11-25","null","Team responsible for legal activities","Active"
"69","Research Team 69","ADVLRJZM","4","2015-10-25","null","Team responsible for research activities","Active"
"70","Human Resources Team 70","ADVMTNTX","9","2003-03-24","2022-10-02","Team responsible for human resources activities","Inactive"
"71","Human Resources Team 71","ADV4C4XZ","9","2011-04-10","null","Team responsible for human resources activities","Active"
"72","Operations Team 72","ADVN749A","3","2023-02-12","null","Team responsible for operations activities","Active"
"73","Operations Team 73","ADVL06G9","3","2025-03-13","null","Team responsible for operations activities","Active"
"74","Compliance Team 74","ADVP1PFD","2","2017-10-12","null","Team responsible for compliance activities","Active"
"75","Compliance Team 75","ADV8SSQG","2","2019-10-10","null","Team responsible for compliance activities","Active"
"76","Wealth Management Team 76","ADVO6908","7","2018-04-26","null","Team responsible for wealth management activities","Active"
"77","Wealth Management Team 77","ADV18MFT","7","2005-04-30","null","Team responsible for wealth management activities","Active"
"78","Technology Team 78","ADV438R9","10","2022-08-29","null","Team responsible for technology activities","Active"
"79","Human Resources Team 79","ADVP8SVZ","9","2021-06-10","null","Team responsible for human resources activities","Active"
"80","Finance Team 80","ADVX3J2Y","5","2009-11-19","null","Team responsible for finance activities","Active"
"81","Legal Team 81","ADVIKVW2","1","2022-08-24","null","Team responsible for legal activities","Active"
"82","Technology Team 82","ADV2863C","10","2024-06-01","null","Team responsible for technology activities","Active"
"83","Marketing Team 83","ADV8588O","8","2024-07-24","null","Team responsible for marketing activities","Active"
"84","Research Team 84","ADVTSZ0P","4","2024-01-02","null","Team responsible for research activities","Active"
"85","Wealth Management Team 85","ADV1TG2V","7","2024-03-24","null","Team responsible for wealth management activities","Active"
"86","Wealth Management Team 86","ADV8MMHS","7","2012-08-20","null","Team responsible for wealth management activities","Active"
"87","Compliance Team 87","ADV3ZK3A","2","2019-10-31","null","Team responsible for compliance activities","Active"
"88","Research Team 88","ADVZHAK4","4","2024-12-08","null","Team responsible for research activities","Active"
"89","Technology Team 89","ADVJ2COM","10","2024-11-17","null","Team responsible for technology activities","Active"
"90","Operations Team 90","ADVE5H3U","3","2005-11-16","null","Team responsible for operations activities","Active"
"91","Legal Team 91","ADVCEV1H","1","2009-11-21","2012-08-30","Team responsible for legal activities","Inactive"
"92","Technology Team 92","ADVGDE5B","10","2022-01-25","null","Team responsible for technology activities","Active"
"93","Compliance Team 93","ADVG9DDV","2","2024-04-13","null","Team responsible for compliance activities","Active"
"94","Technology Team 94","ADVMA6G5","10","2006-04-07","null","Team responsible for technology activities","Active"
"95","Technology Team 95","ADVZDOZL","10","2021-11-22","null","Team responsible for technology activities","Active"
"96","Wealth Management Team 96","ADVLRIU0","7","2015-11-08","null","Team responsible for wealth management activities","Active"
"97","Human Resources Team 97","ADVYOOU0","9","2023-02-12","null","Team responsible for human resources activities","Active"
"98","Research Team 98","ADV8TW48","4","2021-09-29","2022-09-05","Team responsible for research activities","Inactive"
"99","Wealth Management Team 99","ADV61DTH","7","2019-05-05","2025-03-13","Team responsible for wealth management activities","Inactive"
"100","Operations Team 100","ADVMW8D1","3","2017-04-25","null","Team responsible for operations activities","Active"
"101","Investment Banking Team 101","ADVXB57Q","6","2020-09-06","null","Team responsible for investment banking activities","Active"
"102","Human Resources Team 102","ADVVQPG4","9","2014-11-20","null","Team responsible for human resources activities","Active"
"103","Research Team 103","ADVZSY83","4","2020-08-07","2020-12-30","Team responsible for research activities","Inactive"
"104","Investment Banking Team 104","ADVXR3P3","6","2024-07-18","null","Team responsible for investment banking activities","Active"
"105","Human Resources Team 105","ADV7GHI1","9","2009-06-05","null","Team responsible for human resources activities","Active"
"106","Legal Team 106","ADVOOV7X","1","2019-09-11","null","Team responsible for legal activities","Active"
"107","Operations Team 107","ADVLEIUZ","3","2023-10-09","null","Team responsible for operations activities","Active"
"108","Technology Team 108","ADVC3Y7H","10","2021-10-22","null","Team responsible for technology activities","Active"
"109","Technology Team 109","ADVJUDT5","10","2019-03-24","null","Team responsible for technology activities","Active"
"110","Human Resources Team 110","ADVOWFV2","9","2021-07-02","null","Team responsible for human resources activities","Active"
"111","Marketing Team 111","ADVB6S5B","8","2024-10-12","null","Team responsible for marketing activities","Active"
"112","Research Team 112","ADVI6GZG","4","2023-08-26","null","Team responsible for research activities","Active"
"113","Research Team 113","ADVNP093","4","2020-08-12","null","Team responsible for research activities","Active"
"114","Wealth Management Team 114","ADVUITAE","7","2024-07-14","null","Team responsible for wealth management activities","Active"
"115","Marketing Team 115","ADVHL7T5","8","2024-05-08","null","Team responsible for marketing activities","Active"
"116","Investment Banking Team 116","ADVN5TA1","6","2024-08-13","null","Team responsible for investment banking activities","Active"
"117","Human Resources Team 117","ADVMEFMV","9","2015-04-29","null","Team responsible for human resources activities","Active"
"118","Marketing Team 118","ADVFYS3J","8","2022-11-06","null","Team responsible for marketing activities","Active"
"119","Finance Team 119","ADVHYZGI","5","2005-02-13","2007-08-26","Team responsible for finance activities","Inactive"
"120","Research Team 120","ADVD7J32","4","2025-04-17","null","Team responsible for research activities","Active"
"121","Operations Team 121","ADVB5JAC","3","2017-02-14","null","Team responsible for operations activities","Active"
"122","Operations Team 122","ADVA8C4X","3","2022-03-07","null","Team responsible for operations activities","Active"
"123","Human Resources Team 123","ADVR7B5U","9","2009-05-20","null","Team responsible for human resources activities","Active"
"124","Operations Team 124","ADVUH0Q7","3","2025-03-16","null","Team responsible for operations activities","Active"
"125","Compliance Team 125","ADVXWMV1","2","2024-04-30","null","Team responsible for compliance activities","Active"
"126","Legal Team 126","ADVTNI9N","1","2020-06-03","null","Team responsible for legal activities","Active"
"127","Compliance Team 127","ADV32JVE","2","2022-03-24","null","Team responsible for compliance activities","Active"
"128","Investment Banking Team 128","ADVFPK4E","6","2021-09-27","null","Team responsible for investment banking activities","Active"
"129","Human Resources Team 129","ADVH5OD8","9","2004-03-08","null","Team responsible for human resources activities","Active"
"130","Finance Team 130","ADVWY1N6","5","2015-02-22","null","Team responsible for finance activities","Active"
"131","Marketing Team 131","ADVF8GIJ","8","2024-05-09","null","Team responsible for marketing activities","Active"
"132","Compliance Team 132","ADV9MEJU","2","2025-04-02","null","Team responsible for compliance activities","Active"
"133","Investment Banking Team 133","ADV1HXK4","6","2024-01-07","null","Team responsible for investment banking activities","Active"
"134","Human Resources Team 134","ADV99MN6","9","2013-07-10","null","Team responsible for human resources activities","Active"
"135","Finance Team 135","ADV27WOC","5","2023-01-19","null","Team responsible for finance activities","Active"
"136","Legal Team 136","ADVE078B","1","2025-04-17","null","Team responsible for legal activities","Active"
"137","Wealth Management Team 137","ADVFXZYK","7","2021-04-15","null","Team responsible for wealth management activities","Active"
"138","Wealth Management Team 138","ADVP23HB","7","2014-03-25","null","Team responsible for wealth management activities","Active"
"139","Technology Team 139","ADVNMIS3","10","2024-01-07","null","Team responsible for technology activities","Active"
"140","Compliance Team 140","ADVDZ26F","2","2020-03-15","null","Team responsible for compliance activities","Active"
"141","Finance Team 141","ADVHGZNN","5","2023-09-25","null","Team responsible for finance activities","Active"
"142","Operations Team 142","ADVWMMME","3","2017-07-16","null","Team responsible for operations activities","Active"
"143","Finance Team 143","ADVJ77D8","5","2022-01-21","null","Team responsible for finance activities","Active"
"144","Legal Team 144","ADVR0BTC","1","2017-11-01","null","Team responsible for legal activities","Active"
"145","Operations Team 145","ADVFNKRJ","3","2024-03-28","2024-10-23","Team responsible for operations activities","Inactive"
"146","Marketing Team 146","ADV4JBY7","8","2021-09-14","null","Team responsible for marketing activities","Active"
"147","Wealth Management Team 147","ADV8N1WS","7","2016-10-27","null","Team responsible for wealth management activities","Active"
"148","Marketing Team 148","ADVK74AU","8","2019-08-02","null","Team responsible for marketing activities","Active"
"149","Human Resources Team 149","ADVUIK15","9","2020-03-16","null","Team responsible for human resources activities","Active"
"150","Marketing Team 150","ADVC6GKH","8","2023-12-22","null","Team responsible for marketing activities","Active"
"151","Finance Team 151","ADVYPW47","5","2018-02-06","null","Team responsible for finance activities","Active"
"152","Technology Team 152","ADVU5J92","10","2020-03-24","null","Team responsible for technology activities","Active"
"153","Human Resources Team 153","ADVQJ71A","9","2023-11-05","null","Team responsible for human resources activities","Active"
"154","Compliance Team 154","ADVSR17O","2","2023-08-05","null","Team responsible for compliance activities","Active"
"155","Marketing Team 155","ADVBLUG2","8","2016-03-19","null","Team responsible for marketing activities","Active"
"156","Technology Team 156","ADV317QK","10","2024-12-21","null","Team responsible for technology activities","Active"
"157","Wealth Management Team 157","ADV77FS3","7","2022-07-29","null","Team responsible for wealth management activities","Active"
"158","Finance Team 158","ADVBNKYZ","5","2023-05-13","2024-08-25","Team responsible for finance activities","Inactive"
"159","Operations Team 159","ADVJ0C8Y","3","2025-04-06","null","Team responsible for operations activities","Active"
"160","Wealth Management Team 160","ADV5NIOF","7","2005-05-14","null","Team responsible for wealth management activities","Active"
"161","Operations Team 161","ADVM3G7N","3","2013-10-09","null","Team responsible for operations activities","Active"
"162","Operations Team 162","ADV3EWKN","3","2023-04-25","2024-03-01","Team responsible for operations activities","Inactive"
"163","Finance Team 163","ADV2OKSQ","5","2024-02-02","null","Team responsible for finance activities","Active"
"164","Legal Team 164","ADV6TD5N","1","2024-10-24","null","Team responsible for legal activities","Active"
"165","Human Resources Team 165","ADVP410H","9","2023-10-24","null","Team responsible for human resources activities","Active"
"166","Compliance Team 166","ADV0X1FQ","2","2015-02-02","2024-04-09","Team responsible for compliance activities","Inactive"
"167","Technology Team 167","ADVEUK6V","10","2018-08-29","null","Team responsible for technology activities","Active"
"168","Legal Team 168","ADVWYWYL","1","2016-09-13","null","Team responsible for legal activities","Active"
"169","Human Resources Team 169","ADVOT5VD","9","2019-08-18","null","Team responsible for human resources activities","Active"
"170","Marketing Team 170","ADVQDTZO","8","2025-04-16","null","Team responsible for marketing activities","Active"
"171","Wealth Management Team 171","ADVIO0CN","7","2018-01-20","2021-11-09","Team responsible for wealth management activities","Inactive"
"172","Investment Banking Team 172","ADV0IIWB","6","2003-07-26","2010-10-22","Team responsible for investment banking activities","Inactive"
"173","Legal Team 173","ADVFAG5P","1","2022-09-16","null","Team responsible for legal activities","Active"
"174","Wealth Management Team 174","ADVIOGRP","7","2024-10-12","null","Team responsible for wealth management activities","Active"
"175","Technology Team 175","ADVVO01Z","10","2023-10-12","null","Team responsible for technology activities","Active"
"176","Investment Banking Team 176","ADV2O5ZF","6","2019-07-17","null","Team responsible for investment banking activities","Active"
"177","Finance Team 177","ADV4MRBR","5","2014-07-05","null","Team responsible for finance activities","Active"
"178","Human Resources Team 178","ADVIU8XG","9","2021-10-09","null","Team responsible for human resources activities","Active"
"179","Technology Team 179","ADVQMMHZ","10","2024-02-07","null","Team responsible for technology activities","Active"
"180","Legal Team 180","ADV8WEUU","1","2022-11-24","null","Team responsible for legal activities","Active"
"181","Operations Team 181","ADVJQO4Z","3","2025-02-14","null","Team responsible for operations activities","Active"
"182","Legal Team 182","ADVMV03J","1","2024-06-20","null","Team responsible for legal activities","Active"
"183","Research Team 183","ADVRISCD","4","2019-02-21","null","Team responsible for research activities","Active"
"184","Compliance Team 184","ADV45KE5","2","2016-01-20","null","Team responsible for compliance activities","Active"
"185","Finance Team 185","ADV0X4KN","5","2024-01-14","null","Team responsible for finance activities","Active"
"186","Technology Team 186","ADVPRCFX","10","2014-02-27","null","Team responsible for technology activities","Active"
"187","Finance Team 187","ADVOFGZS","5","2015-04-01","null","Team responsible for finance activities","Active"
"188","Human Resources Team 188","ADVVTP49","9","2021-05-24","null","Team responsible for human resources activities","Active"
"189","Investment Banking Team 189","ADVWI575","6","2016-05-11","null","Team responsible for investment banking activities","Active"
"190","Wealth Management Team 190","ADVJSAVH","7","2017-06-16","null","Team responsible for wealth management activities","Active"
"191","Investment Banking Team 191","ADVLR6CZ","6","2024-12-06","null","Team responsible for investment banking activities","Active"
"192","Operations Team 192","ADV8OWTS","3","2025-04-25","null","Team responsible for operations activities","Active"
"193","Operations Team 193","ADVIM9YX","3","2011-05-27","null","Team responsible for operations activities","Active"
"194","Legal Team 194","ADVMZHR6","1","2013-10-29","null","Team responsible for legal activities","Active"
"195","Finance Team 195","ADVUJY24","5","2004-11-06","null","Team responsible for finance activities","Active"
"196","Finance Team 196","ADVLU1LW","5","2015-09-13","null","Team responsible for finance activities","Active"
"197","Finance Team 197","ADV5LYMQ","5","2022-01-21","null","Team responsible for finance activities","Active"
"198","Research Team 198","ADVMCNT1","4","2018-12-28","null","Team responsible for research activities","Active"
"199","Compliance Team 199","ADVV0E7X","2","2023-12-18","null","Team responsible for compliance activities","Active"
"200","Human Resources Team 200","ADVXEM3F","9","2018-08-11","2019-04-22","Team responsible for human resources activities","Inactive"
"201","Operations Team 201","ADVEP5GV","3","2015-05-04","null","Team responsible for operations activities","Active"
"202","Research Team 202","ADVIOGRP","4","2017-07-14","null","Team responsible for research activities","Active"
"203","Technology Team 203","ADVNSWIL","10","2018-06-27","null","Team responsible for technology activities","Active"
"204","Wealth Management Team 204","ADVY57QD","7","2013-10-19","null","Team responsible for wealth management activities","Active"
"205","Compliance Team 205","ADV4M8LB","2","2023-06-01","null","Team responsible for compliance activities","Active"
"206","Operations Team 206","ADV7PPQL","3","2024-02-11","null","Team responsible for operations activities","Active"
"207","Wealth Management Team 207","ADVZ7ZOW","7","2023-12-23","null","Team responsible for wealth management activities","Active"
"208","Human Resources Team 208","ADVYYCRY","9","2016-09-02","null","Team responsible for human resources activities","Active"
"209","Human Resources Team 209","ADV4II63","9","2024-01-25","null","Team responsible for human resources activities","Active"
"210","Operations Team 210","ADV8SY2M","3","2024-06-26","null","Team responsible for operations activities","Active"
"211","Investment Banking Team 211","ADVM97PP","6","2021-03-09","null","Team responsible for investment banking activities","Active"
"212","Compliance Team 212","ADVTNI9N","2","2014-03-08","null","Team responsible for compliance activities","Active"
"213","Investment Banking Team 213","ADV45RU4","6","2015-08-27","null","Team responsible for investment banking activities","Active"
"214","Marketing Team 214","ADVQ9EOQ","8","2014-02-18","null","Team responsible for marketing activities","Active"
"215","Legal Team 215","ADVXWMV1","1","2009-09-16","null","Team responsible for legal activities","Active"
"216","Technology Team 216","ADVKCXPA","10","2011-09-29","null","Team responsible for technology activities","Active"
"217","Finance Team 217","ADV0XFZI","5","2019-11-09","null","Team responsible for finance activities","Active"
"218","Investment Banking Team 218","ADV1TG2V","6","2023-10-31","null","Team responsible for investment banking activities","Active"
"219","Operations Team 219","ADVFIIAM","3","2015-06-16","null","Team responsible for operations activities","Active"
"220","Finance Team 220","ADV7IWS4","5","2015-12-23","null","Team responsible for finance activities","Active"
"221","Technology Team 221","ADV59SC5","10","2024-05-10","null","Team responsible for technology activities","Active"
"222","Finance Team 222","ADVT81SC","5","2022-05-21","null","Team responsible for finance activities","Active"
"223","Investment Banking Team 223","ADVTHBZ5","6","2023-11-22","null","Team responsible for investment banking activities","Active"
"224","Legal Team 224","ADV6XDHY","1","2019-02-26","null","Team responsible for legal activities","Active"
"225","Research Team 225","ADVBMFDY","4","2018-07-27","null","Team responsible for research activities","Active"
"226","Compliance Team 226","ADVP9JRB","2","2014-06-24","null","Team responsible for compliance activities","Active"
"227","Human Resources Team 227","ADVCG1RS","9","2014-03-31","null","Team responsible for human resources activities","Active"
"228","Legal Team 228","ADVJPK68","1","2024-04-09","null","Team responsible for legal activities","Active"
"229","Operations Team 229","ADVZQ70K","3","2024-10-09","null","Team responsible for operations activities","Active"
"230","Investment Banking Team 230","ADVRD15G","6","2017-11-01","null","Team responsible for investment banking activities","Active"
"231","Marketing Team 231","ADVFDNHH","8","2020-08-27","null","Team responsible for marketing activities","Active"
"232","Human Resources Team 232","ADVJAAG8","9","2014-08-23","null","Team responsible for human resources activities","Active"
"233","Compliance Team 233","ADV9T7VK","2","2007-02-15","null","Team responsible for compliance activities","Active"
"234","Finance Team 234","ADVUYLW8","5","2023-01-04","null","Team responsible for finance activities","Active"
"235","Research Team 235","ADVBKICV","4","2023-05-18","null","Team responsible for research activities","Active"
"236","Marketing Team 236","ADVZQ70K","8","2023-11-09","null","Team responsible for marketing activities","Active"
"237","Legal Team 237","ADVVXL51","1","2022-12-20","null","Team responsible for legal activities","Active"
"238","Compliance Team 238","ADVVO01Z","2","2021-11-27","null","Team responsible for compliance activities","Active"
"239","Research Team 239","ADV77FS3","4","2012-03-12","null","Team responsible for research activities","Active"
"240","Marketing Team 240","ADV1QQ81","8","2024-12-12","null","Team responsible for marketing activities","Active"
"241","Wealth Management Team 241","ADVPI8RZ","7","2012-02-25","null","Team responsible for wealth management activities","Active"
"242","Wealth Management Team 242","ADVLRIU0","7","2008-08-17","null","Team responsible for wealth management activities","Active"
"243","Research Team 243","ADV0KX9K","4","2021-10-06","null","Team responsible for research activities","Active"
"244","Technology Team 244","ADVAMRS1","10","2025-02-01","null","Team responsible for technology activities","Active"
"245","Wealth Management Team 245","ADVQDTZO","7","2025-04-27","null","Team responsible for wealth management activities","Active"
"246","Technology Team 246","ADVG83VG","10","2023-10-03","null","Team responsible for technology activities","Active"
"247","Legal Team 247","ADV7IWS4","1","2001-12-03","null","Team responsible for legal activities","Active"
"248","Human Resources Team 248","ADVMGGAE","9","2022-11-28","null","Team responsible for human resources activities","Active"
"249","Legal Team 249","ADV2TX9S","1","2016-04-08","null","Team responsible for legal activities","Active"
"250","Investment Banking Team 250","ADVDG7F4","6","2023-08-20","null","Team responsible for investment banking activities","Active"
"251","Human Resources Team 251","ADVV4ZTC","9","2020-09-24","null","Team responsible for human resources activities","Active"
"252","Finance Team 252","ADV3F7SJ","5","2017-05-08","null","Team responsible for finance activities","Active"
"253","Finance Team 253","ADVHI85F","5","2016-01-13","null","Team responsible for finance activities","Active"
"254","Human Resources Team 254","ADVBYC5F","9","2017-05-15","null","Team responsible for human resources activities","Active"
"255","Technology Team 255","ADVLRJZM","10","2021-10-13","null","Team responsible for technology activities","Active"
"256","Marketing Team 256","ADV6JMV4","8","2022-08-03","null","Team responsible for marketing activities","Active"
"257","Investment Banking Team 257","ADV4RV6T","6","2025-03-01","null","Team responsible for investment banking activities","Active"
"258","Technology Team 258","ADVUX745","10","2021-12-17","null","Team responsible for technology activities","Active"
"259","Human Resources Team 259","ADVJLNGB","9","2017-12-17","null","Team responsible for human resources activities","Active"
"260","Legal Team 260","ADVE5H3U","1","2008-03-15","null","Team responsible for legal activities","Active"
"261","Technology Team 261","ADVNM08K","10","2025-04-14","null","Team responsible for technology activities","Active"
"262","Compliance Team 262","ADV2RJJM","2","2022-02-27","null","Team responsible for compliance activities","Active"
"263","Human Resources Team 263","ADV4E8TD","9","2023-08-23","null","Team responsible for human resources activities","Active"
"264","Marketing Team 264","ADV7GHI1","8","2004-03-22","null","Team responsible for marketing activities","Active"
"265","Investment Banking Team 265","ADVX3J2Y","6","2025-02-04","null","Team responsible for investment banking activities","Active"
"266","Finance Team 266","ADVLEIUZ","5","2023-01-05","null","Team responsible for finance activities","Active"
"267","Finance Team 267","ADVRD15G","5","2018-05-19","null","Team responsible for finance activities","Active"
"268","Operations Team 268","ADVH5OD8","3","2014-01-29","null","Team responsible for operations activities","Active"
"269","Compliance Team 269","ADVKO0JL","2","2023-03-21","null","Team responsible for compliance activities","Active"
"270","Legal Team 270","ADV0KX9K","1","2019-12-01","null","Team responsible for legal activities","Active"
"271","Human Resources Team 271","ADVOQF1P","9","2021-07-24","null","Team responsible for human resources activities","Active"
"272","Technology Team 272","ADVR1KTG","10","2024-11-06","null","Team responsible for technology activities","Active"
"273","Investment Banking Team 273","ADVJGNRL","6","2019-04-11","null","Team responsible for investment banking activities","Active"
"274","Legal Team 274","ADVKZS06","1","2023-03-27","null","Team responsible for legal activities","Active"
"275","Technology Team 275","ADVXY5K7","10","2011-08-25","null","Team responsible for technology activities","Active"
"276","Marketing Team 276","ADVCABJX","8","2025-03-26","null","Team responsible for marketing activities","Active"
"277","Operations Team 277","ADVW84SG","3","2018-04-16","null","Team responsible for operations activities","Active"
"278","Technology Team 278","ADVG3KEG","10","2018-10-17","null","Team responsible for technology activities","Active"
"279","Investment Banking Team 279","ADVN6ZV9","6","2025-01-19","null","Team responsible for investment banking activities","Active"
"280","Investment Banking Team 280","ADVT1HI7","6","2020-03-10","null","Team responsible for investment banking activities","Active"
"281","Legal Team 281","ADV9FN2K","1","2021-02-25","null","Team responsible for legal activities","Active"
"282","Legal Team 282","ADV8JUW0","1","2022-06-13","null","Team responsible for legal activities","Active"
"283","Wealth Management Team 283","ADV57XD6","7","2006-05-14","null","Team responsible for wealth management activities","Active"
"284","Research Team 284","ADVMXZ2O","4","2017-09-01","2024-12-17","Team responsible for research activities","Inactive"
"285","Human Resources Team 285","ADVPUE8Y","9","2025-01-31","null","Team responsible for human resources activities","Active"
"286","Marketing Team 286","ADVC6GKH","8","2014-08-04","null","Team responsible for marketing activities","Active"
"287","Investment Banking Team 287","ADVPZNT1","6","2020-06-21","null","Team responsible for investment banking activities","Active"
"288","Wealth Management Team 288","ADVIKVW2","7","2018-11-22","null","Team responsible for wealth management activities","Active"
"289","Human Resources Team 289","ADVQYWN6","9","2019-10-02","null","Team responsible for human resources activities","Active"
"290","Human Resources Team 290","ADVAYADY","9","2008-04-03","2019-05-29","Team responsible for human resources activities","Inactive"
"291","Legal Team 291","ADV57EJL","1","2018-03-19","null","Team responsible for legal activities","Active"
"292","Marketing Team 292","ADVJ5B4C","8","2024-09-17","null","Team responsible for marketing activities","Active"
"293","Investment Banking Team 293","ADVPI8RZ","6","2024-09-07","null","Team responsible for investment banking activities","Active"
"294","Wealth Management Team 294","ADVO5AWF","7","2019-05-14","null","Team responsible for wealth management activities","Active"
"295","Marketing Team 295","ADV8LYYX","8","2023-02-25","null","Team responsible for marketing activities","Active"
"296","Human Resources Team 296","ADVJC308","9","2023-11-20","null","Team responsible for human resources activities","Active"
"297","Research Team 297","ADV0KX9K","4","2020-04-22","null","Team responsible for research activities","Active"
"298","Technology Team 298","ADV2OX8M","10","2006-10-29","null","Team responsible for technology activities","Active"
"299","Human Resources Team 299","ADVOZV8C","9","2022-05-24","null","Team responsible for human resources activities","Active"
"300","Finance Team 300","ADVIGV06","5","2022-09-30","null","Team responsible for finance activities","Active"
"301","Investment Banking Team 301","ADVE3WTO","6","2019-12-18","null","Team responsible for investment banking activities","Active"
"302","Research Team 302","ADVKX7AZ","4","2024-10-16","null","Team responsible for research activities","Active"
"303","Investment Banking Team 303","ADVU1PCM","6","2023-06-12","null","Team responsible for investment banking activities","Active"
"304","Compliance Team 304","ADV5TE0C","2","2018-01-11","null","Team responsible for compliance activities","Active"
"305","Technology Team 305","ADVIKVW2","10","2020-05-10","null","Team responsible for technology activities","Active"
"306","Human Resources Team 306","ADVQMRZ8","9","2016-05-08","null","Team responsible for human resources activities","Active"
"307","Operations Team 307","ADVY3FW3","3","2021-12-24","null","Team responsible for operations activities","Active"
"308","Human Resources Team 308","ADVV4ZTC","9","2020-11-01","null","Team responsible for human resources activities","Active"
"309","Wealth Management Team 309","ADVJYRDX","7","2008-07-21","null","Team responsible for wealth management activities","Active"
"310","Research Team 310","ADVU32QV","4","2013-03-16","null","Team responsible for research activities","Active"
"311","Wealth Management Team 311","ADV941KP","7","2015-04-27","null","Team responsible for wealth management activities","Active"
"312","Wealth Management Team 312","ADVI2KLJ","7","2024-12-03","null","Team responsible for wealth management activities","Active"
"313","Technology Team 313","ADVY4IVL","10","2018-06-12","null","Team responsible for technology activities","Active"
"314","Investment Banking Team 314","ADVG8DUE","6","2019-10-04","null","Team responsible for investment banking activities","Active"
"315","Finance Team 315","ADVJYRDX","5","2022-07-26","null","Team responsible for finance activities","Active"
"316","Investment Banking Team 316","ADV04FN5","6","2021-10-08","2024-08-12","Team responsible for investment banking activities","Inactive"
"317","Human Resources Team 317","ADVI8P0I","9","2008-11-16","null","Team responsible for human resources activities","Active"
"318","Research Team 318","ADVBUQGE","4","2014-10-09","null","Team responsible for research activities","Active"
"319","Wealth Management Team 319","ADVZUH8I","7","2021-08-15","null","Team responsible for wealth management activities","Active"
"320","Human Resources Team 320","ADVZSY83","9","2020-08-26","null","Team responsible for human resources activities","Active"
"321","Finance Team 321","ADVG4O2T","5","2020-09-19","null","Team responsible for finance activities","Active"
"322","Human Resources Team 322","ADVO4CCO","9","2024-11-22","null","Team responsible for human resources activities","Active"
"323","Investment Banking Team 323","ADVRD15G","6","2018-06-21","null","Team responsible for investment banking activities","Active"
"324","Technology Team 324","ADVPFKDF","10","2023-09-30","null","Team responsible for technology activities","Active"
"325","Wealth Management Team 325","ADVOHDCR","7","2015-12-03","null","Team responsible for wealth management activities","Active"
"326","Technology Team 326","ADV5PQVS","10","2015-03-11","null","Team responsible for technology activities","Active"
"327","Operations Team 327","ADVI09MT","3","2021-03-03","null","Team responsible for operations activities","Active"
"328","Finance Team 328","ADVGNLXN","5","2024-11-07","null","Team responsible for finance activities","Active"
"329","Finance Team 329","ADVK8N21","5","2023-07-05","null","Team responsible for finance activities","Active"
"330","Investment Banking Team 330","ADV7IWS4","6","2024-05-02","null","Team responsible for investment banking activities","Active"
"331","Investment Banking Team 331","ADVP8SVZ","6","2024-10-20","null","Team responsible for investment banking activities","Active"
"332","Marketing Team 332","ADVS85ML","8","2019-07-18","null","Team responsible for marketing activities","Active"
"333","Research Team 333","ADVPC3DX","4","2021-03-24","null","Team responsible for research activities","Active"
"334","Human Resources Team 334","ADV7HQ4T","9","2014-01-22","null","Team responsible for human resources activities","Active"
"335","Finance Team 335","ADVC5C5U","5","2002-04-02","null","Team responsible for finance activities","Active"
"336","Research Team 336","ADV8N1WS","4","2020-03-19","null","Team responsible for research activities","Active"
"337","Compliance Team 337","ADV9B0FI","2","2018-09-06","null","Team responsible for compliance activities","Active"
"338","Marketing Team 338","ADVANBX9","8","2016-10-06","null","Team responsible for marketing activities","Active"
"339","Research Team 339","ADVYYCRY","4","2016-06-17","null","Team responsible for research activities","Active"
"340","Finance Team 340","ADVBTANL","5","2023-03-07","null","Team responsible for finance activities","Active"
"341","Finance Team 341","ADVL06G9","5","2019-02-05","null","Team responsible for finance activities","Active"
"342","Technology Team 342","ADVZ45QF","10","2023-10-23","null","Team responsible for technology activities","Active"
"343","Investment Banking Team 343","ADVQHDK3","6","2024-12-03","null","Team responsible for investment banking activities","Active"
"344","Wealth Management Team 344","ADVU8XYT","7","2008-01-02","null","Team responsible for wealth management activities","Active"
"345","Operations Team 345","ADVDT3KI","3","2023-12-18","null","Team responsible for operations activities","Active"
"346","Operations Team 346","ADV1HXK4","3","2019-04-22","null","Team responsible for operations activities","Active"
"347","Compliance Team 347","ADVBI2HY","2","2018-01-01","null","Team responsible for compliance activities","Active"
"348","Research Team 348","ADVYV45Q","4","2011-02-05","null","Team responsible for research activities","Active"
"349","Investment Banking Team 349","ADVIGV06","6","2021-01-05","null","Team responsible for investment banking activities","Active"
"350","Finance Team 350","ADVSR9X6","5","2014-12-13","null","Team responsible for finance activities","Active"
"351","Legal Team 351","ADVG3LOU","1","2025-01-10","null","Team responsible for legal activities","Active"
"352","Technology Team 352","ADVOUO2Q","10","2025-03-07","null","Team responsible for technology activities","Active"
"353","Technology Team 353","ADVHEP2U","10","2012-03-10","null","Team responsible for technology activities","Active"
"354","Research Team 354","ADV6TD5N","4","2024-11-03","null","Team responsible for research activities","Active"
"355","Legal Team 355","ADVXPL4M","1","2020-12-08","null","Team responsible for legal activities","Active"
"356","Finance Team 356","ADVA8C4X","5","2021-07-10","null","Team responsible for finance activities","Active"
"357","Operations Team 357","ADVX3J2Y","3","2014-10-07","null","Team responsible for operations activities","Active"
"358","Marketing Team 358","ADVO84W6","8","2024-10-08","null","Team responsible for marketing activities","Active"
"359","Wealth Management Team 359","ADV1HY2U","7","2024-10-29","null","Team responsible for wealth management activities","Active"
"360","Operations Team 360","ADVI6GZG","3","2022-02-05","null","Team responsible for operations activities","Active"
"361","Marketing Team 361","ADV89EEJ","8","2010-04-09","null","Team responsible for marketing activities","Active"
"362","Operations Team 362","ADVBNKYZ","3","2022-01-29","null","Team responsible for operations activities","Active"
"363","Research Team 363","ADV7TBTN","4","2021-02-01","null","Team responsible for research activities","Active"
"364","Human Resources Team 364","ADVFJDA4","9","2022-04-09","null","Team responsible for human resources activities","Active"
"365","Research Team 365","ADVCEV1H","4","2020-09-23","null","Team responsible for research activities","Active"
"366","Compliance Team 366","ADVP9JRB","2","2020-08-13","null","Team responsible for compliance activities","Active"
"367","Marketing Team 367","ADVZ45QF","8","2019-10-14","null","Team responsible for marketing activities","Active"
"368","Marketing Team 368","ADV8UADW","8","2009-11-07","null","Team responsible for marketing activities","Active"
"369","Operations Team 369","ADVB62E6","3","2016-05-10","2022-01-22","Team responsible for operations activities","Inactive"
"370","Research Team 370","ADVUYATD","4","2025-01-18","null","Team responsible for research activities","Active"
"371","Operations Team 371","ADV99JHC","3","2024-05-06","null","Team responsible for operations activities","Active"
"372","Wealth Management Team 372","ADVJBGIX","7","2024-11-04","2025-02-02","Team responsible for wealth management activities","Inactive"
"373","Marketing Team 373","ADVJAVQM","8","2023-07-28","2023-10-10","Team responsible for marketing activities","Inactive"
"374","Marketing Team 374","ADV3EHIB","8","2014-03-03","null","Team responsible for marketing activities","Active"
"375","Technology Team 375","ADVHYZGI","10","2001-11-04","2017-07-17","Team responsible for technology activities","Inactive"
"376","Research Team 376","ADVW10BS","4","2025-05-06","null","Team responsible for research activities","Active"
"377","Legal Team 377","ADVBI2HY","1","2022-10-14","null","Team responsible for legal activities","Active"
"378","Compliance Team 378","ADVYTOPS","2","2022-03-08","null","Team responsible for compliance activities","Active"
"379","Wealth Management Team 379","ADVG6Z5C","7","2010-05-02","null","Team responsible for wealth management activities","Active"
"380","Marketing Team 380","ADVQL945","8","2018-03-10","null","Team responsible for marketing activities","Active"
"381","Marketing Team 381","ADVJSAVH","8","2018-06-21","null","Team responsible for marketing activities","Active"
"382","Finance Team 382","ADVU7MX3","5","2014-06-28","null","Team responsible for finance activities","Active"
"383","Compliance Team 383","ADVOHDCR","2","2006-01-06","null","Team responsible for compliance activities","Active"
"384","Human Resources Team 384","ADVL8H39","9","2024-09-05","null","Team responsible for human resources activities","Active"
"385","Legal Team 385","ADVXSZ0I","1","2016-11-05","null","Team responsible for legal activities","Active"
"386","Wealth Management Team 386","ADV46LLI","7","2015-08-23","null","Team responsible for wealth management activities","Active"
"387","Finance Team 387","ADV71SD9","5","2006-01-06","null","Team responsible for finance activities","Active"
"388","Operations Team 388","ADVF9S9W","3","2020-06-06","null","Team responsible for operations activities","Active"
"389","Operations Team 389","ADV4TVSX","3","2019-02-26","null","Team responsible for operations activities","Active"
"390","Technology Team 390","ADVFPHUV","10","2025-02-16","null","Team responsible for technology activities","Active"
"391","Legal Team 391","ADV0HD2D","1","2012-07-22","null","Team responsible for legal activities","Active"
"392","Marketing Team 392","ADVWPJB9","8","2025-02-09","null","Team responsible for marketing activities","Active"
"393","Operations Team 393","ADVTKMP1","3","2020-10-21","null","Team responsible for operations activities","Active"
"394","Operations Team 394","ADVG6LMJ","3","2016-02-11","null","Team responsible for operations activities","Active"
"395","Research Team 395","ADVXAY8J","4","2022-12-22","null","Team responsible for research activities","Active"
"396","Compliance Team 396","ADVYBAOU","2","2020-12-17","null","Team responsible for compliance activities","Active"
"397","Finance Team 397","ADVJC308","5","2023-03-02","2023-09-26","Team responsible for finance activities","Inactive"
"398","Finance Team 398","ADVNL8GI","5","2013-11-16","null","Team responsible for finance activities","Active"
"399","Investment Banking Team 399","ADVKX7AZ","6","2025-01-06","null","Team responsible for investment banking activities","Active"
"400","Wealth Management Team 400","ADVDDGBD","7","2008-05-30","null","Team responsible for wealth management activities","Active"
"401","Technology Team 401","ADVMLAJC","10","2009-04-07","null","Team responsible for technology activities","Active"
"402","Human Resources Team 402","ADV2X7MA","9","2024-11-16","null","Team responsible for human resources activities","Active"
"403","Wealth Management Team 403","ADVDOHCL","7","2024-09-24","null","Team responsible for wealth management activities","Active"
"404","Finance Team 404","ADVPELXE","5","2024-08-14","null","Team responsible for finance activities","Active"
"405","Wealth Management Team 405","ADV1HY2U","7","2023-03-17","null","Team responsible for wealth management activities","Active"
"406","Human Resources Team 406","ADVIJ4KP","9","2019-10-05","null","Team responsible for human resources activities","Active"
"407","Marketing Team 407","ADV5TE0C","8","2014-02-03","null","Team responsible for marketing activities","Active"
"408","Human Resources Team 408","ADVP5ECW","9","2018-09-28","null","Team responsible for human resources activities","Active"
"409","Finance Team 409","ADVAOQTR","5","2021-07-03","null","Team responsible for finance activities","Active"
"410","Marketing Team 410","ADV0M0J1","8","2024-12-03","null","Team responsible for marketing activities","Active"
"411","Compliance Team 411","ADVKXV0N","2","2025-01-03","null","Team responsible for compliance activities","Active"
"412","Marketing Team 412","ADVL11FC","8","2022-03-03","null","Team responsible for marketing activities","Active"
"413","Operations Team 413","ADV4YWG1","3","2016-02-05","null","Team responsible for operations activities","Active"
"414","Legal Team 414","ADV8K1AP","1","2021-01-03","null","Team responsible for legal activities","Active"
"415","Human Resources Team 415","ADVPI8RZ","9","2013-06-24","null","Team responsible for human resources activities","Active"
"416","Operations Team 416","ADVP410H","3","2023-07-30","null","Team responsible for operations activities","Active"
"417","Research Team 417","ADV3MQKD","4","2023-04-26","null","Team responsible for research activities","Active"
"418","Finance Team 418","ADVNATM9","5","2021-11-20","null","Team responsible for finance activities","Active"
"419","Compliance Team 419","ADV1RDEX","2","2025-02-27","null","Team responsible for compliance activities","Active"
"420","Wealth Management Team 420","ADVCK9XH","7","2018-07-27","null","Team responsible for wealth management activities","Active"
"421","Operations Team 421","ADVW3MDZ","3","2005-07-16","null","Team responsible for operations activities","Active"
"422","Operations Team 422","ADVJ81NG","3","2025-02-17","null","Team responsible for operations activities","Active"
"423","Operations Team 423","ADVHFQ8P","3","2016-06-11","null","Team responsible for operations activities","Active"
"424","Investment Banking Team 424","ADVOOB74","6","2014-10-29","null","Team responsible for investment banking activities","Active"
"425","Legal Team 425","ADVHYC1R","1","2009-05-04","2018-03-03","Team responsible for legal activities","Inactive"
"426","Wealth Management Team 426","ADVXS9CF","7","2021-10-05","null","Team responsible for wealth management activities","Active"
"427","Wealth Management Team 427","ADVXWFEL","7","2019-09-30","null","Team responsible for wealth management activities","Active"
"428","Technology Team 428","ADVSILAZ","10","2001-03-20","null","Team responsible for technology activities","Active"
"429","Technology Team 429","ADV5ODSX","10","2025-03-07","null","Team responsible for technology activities","Active"
"430","Compliance Team 430","ADV4Z56R","2","2017-06-30","null","Team responsible for compliance activities","Active"
"431","Legal Team 431","ADVNOONR","1","2023-10-17","null","Team responsible for legal activities","Active"
"432","Compliance Team 432","ADV5GADR","2","2025-01-19","null","Team responsible for compliance activities","Active"
"433","Operations Team 433","ADV0M0J1","3","2021-05-01","null","Team responsible for operations activities","Active"
"434","Marketing Team 434","ADV1ZE8O","8","2020-11-06","null","Team responsible for marketing activities","Active"
"435","Technology Team 435","ADVUITAE","10","2025-03-26","null","Team responsible for technology activities","Active"
"436","Technology Team 436","ADVTG9KJ","10","2021-12-13","null","Team responsible for technology activities","Active"
"437","Technology Team 437","ADVG042L","10","2019-07-11","2022-05-23","Team responsible for technology activities","Inactive"
"438","Finance Team 438","ADVO6908","5","2006-12-03","null","Team responsible for finance activities","Active"
"439","Human Resources Team 439","ADVMM2GE","9","2025-02-22","null","Team responsible for human resources activities","Active"
"440","Wealth Management Team 440","ADVTBHOI","7","2006-03-24","null","Team responsible for wealth management activities","Active"
"441","Technology Team 441","ADV3Y1ES","10","2024-08-05","null","Team responsible for technology activities","Active"
"442","Human Resources Team 442","ADV7I0U2","9","2025-02-16","null","Team responsible for human resources activities","Active"
"443","Compliance Team 443","ADVDVCSD","2","2011-06-02","null","Team responsible for compliance activities","Active"
"444","Research Team 444","ADVE3NM2","4","2025-04-03","null","Team responsible for research activities","Active"
"445","Compliance Team 445","ADVH5OD8","2","2003-08-31","null","Team responsible for compliance activities","Active"
"446","Technology Team 446","ADVEUK6V","10","2021-09-17","null","Team responsible for technology activities","Active"
"447","Investment Banking Team 447","ADVW5BP1","6","2011-11-01","null","Team responsible for investment banking activities","Active"
"448","Finance Team 448","ADVUJBU0","5","2010-08-18","null","Team responsible for finance activities","Active"
"449","Finance Team 449","ADVFKF9D","5","2025-04-24","2025-05-03","Team responsible for finance activities","Inactive"
"450","Research Team 450","ADV6BH8L","4","2022-04-30","null","Team responsible for research activities","Active"
"451","Wealth Management Team 451","ADVSR17O","7","2021-10-02","null","Team responsible for wealth management activities","Active"
"452","Wealth Management Team 452","ADV8V1XU","7","2023-01-04","null","Team responsible for wealth management activities","Active"
"453","Finance Team 453","ADV7L57A","5","2014-06-05","null","Team responsible for finance activities","Active"
"454","Operations Team 454","ADVE078B","3","2024-07-27","null","Team responsible for operations activities","Active"
"455","Human Resources Team 455","ADVDZ26F","9","2019-03-28","null","Team responsible for human resources activities","Active"
"456","Legal Team 456","ADVXR3P3","1","2024-06-17","null","Team responsible for legal activities","Active"
"457","Human Resources Team 457","ADVQMRZ8","9","2011-04-21","null","Team responsible for human resources activities","Active"
"458","Operations Team 458","ADVMQ70K","3","2019-10-03","null","Team responsible for operations activities","Active"
"459","Human Resources Team 459","ADVZDOZL","9","2023-01-17","null","Team responsible for human resources activities","Active"
"460","Operations Team 460","ADV3EWKN","3","2022-09-27","null","Team responsible for operations activities","Active"
"461","Human Resources Team 461","ADVXXK71","9","2019-04-07","null","Team responsible for human resources activities","Active"
"462","Marketing Team 462","ADVQDTZO","8","2025-04-27","null","Team responsible for marketing activities","Active"
"463","Marketing Team 463","ADVSMEBO","8","2025-04-17","null","Team responsible for marketing activities","Active"
"464","Research Team 464","ADVPFKDF","4","2021-07-03","null","Team responsible for research activities","Active"
"465","Research Team 465","ADVKG3C5","4","2015-08-03","2020-08-07","Team responsible for research activities","Inactive"
"466","Compliance Team 466","ADVN4302","2","2021-04-05","null","Team responsible for compliance activities","Active"
"467","Human Resources Team 467","ADVX9R4I","9","2010-01-04","null","Team responsible for human resources activities","Active"
"468","Investment Banking Team 468","ADVKLBIP","6","2017-11-25","null","Team responsible for investment banking activities","Active"
"469","Wealth Management Team 469","ADVPRCFX","7","2014-08-09","null","Team responsible for wealth management activities","Active"
"470","Investment Banking Team 470","ADVXXK71","6","2021-06-06","2024-04-05","Team responsible for investment banking activities","Inactive"
"471","Wealth Management Team 471","ADVELISH","7","2016-01-12","null","Team responsible for wealth management activities","Active"
"472","Technology Team 472","ADVJKRHA","10","2020-11-26","null","Team responsible for technology activities","Active"
"473","Wealth Management Team 473","ADVUYLW8","7","2020-06-06","null","Team responsible for wealth management activities","Active"
"474","Operations Team 474","ADVR6N0D","3","2015-02-13","null","Team responsible for operations activities","Active"
"475","Marketing Team 475","ADVMAA7H","8","2001-04-02","null","Team responsible for marketing activities","Active"
"476","Operations Team 476","ADVB5JAC","3","2015-06-13","null","Team responsible for operations activities","Active"
"477","Wealth Management Team 477","ADVZB4K8","7","2016-07-30","null","Team responsible for wealth management activities","Active"
"478","Legal Team 478","ADVBI2HY","1","2019-08-09","null","Team responsible for legal activities","Active"
"479","Investment Banking Team 479","ADVS4MGB","6","2022-09-30","null","Team responsible for investment banking activities","Active"
"480","Wealth Management Team 480","ADVB1UZL","7","2023-08-17","null","Team responsible for wealth management activities","Active"
"481","Finance Team 481","ADV2WZMT","5","2014-04-01","null","Team responsible for finance activities","Active"
"482","Finance Team 482","ADVBI2HY","5","2018-02-16","null","Team responsible for finance activities","Active"
"483","Marketing Team 483","ADVJ6LPR","8","2012-09-08","null","Team responsible for marketing activities","Active"
"484","Finance Team 484","ADVXLIM5","5","2024-02-14","null","Team responsible for finance activities","Active"
"485","Compliance Team 485","ADVXPL4M","2","2007-07-06","null","Team responsible for compliance activities","Active"
"486","Legal Team 486","ADVSH8ZK","1","2024-12-19","null","Team responsible for legal activities","Active"
"487","Research Team 487","ADVHNKH3","4","2021-02-17","null","Team responsible for research activities","Active"
"488","Operations Team 488","ADVPTFET","3","2015-06-25","null","Team responsible for operations activities","Active"
"489","Wealth Management Team 489","ADVEOYYI","7","2017-04-10","null","Team responsible for wealth management activities","Active"
"490","Human Resources Team 490","ADVPX2TN","9","2013-01-23","null","Team responsible for human resources activities","Active"
"491","Compliance Team 491","ADVY1ATQ","2","2009-03-12","null","Team responsible for compliance activities","Active"
"492","Operations Team 492","ADVVJNOD","3","2024-04-17","null","Team responsible for operations activities","Active"
"493","Human Resources Team 493","ADVOGZA8","9","2025-03-01","null","Team responsible for human resources activities","Active"
"494","Wealth Management Team 494","ADVOOV7X","7","2019-07-21","null","Team responsible for wealth management activities","Active"
"495","Wealth Management Team 495","ADVE3NM2","7","2024-12-10","null","Team responsible for wealth management activities","Active"
"496","Finance Team 496","ADVI2KLJ","5","2025-03-27","null","Team responsible for finance activities","Active"
"497","Wealth Management Team 497","ADV4C4XZ","7","2022-03-17","null","Team responsible for wealth management activities","Active"
"498","Finance Team 498","ADVVF5V8","5","2023-06-20","null","Team responsible for finance activities","Active"
"499","Compliance Team 499","ADVJ0C8Y","2","2024-10-02","null","Team responsible for compliance activities","Active"
"500","Research Team 500","ADVKR8SE","4","2024-09-25","2024-11-07","Team responsible for research activities","Inactive"
"501","Human Resources Team 501","ADV0X4KN","9","2024-07-25","null","Team responsible for human resources activities","Active"
"502","Finance Team 502","ADV9OG2Z","5","2008-01-06","null","Team responsible for finance activities","Active"
"503","Investment Banking Team 503","ADVT1QRM","6","2018-04-20","null","Team responsible for investment banking activities","Active"
"504","Finance Team 504","ADVH236I","5","2010-08-08","null","Team responsible for finance activities","Active"
"505","Wealth Management Team 505","ADVJ5ML3","7","2010-11-10","null","Team responsible for wealth management activities","Active"
"506","Operations Team 506","ADVMAA7H","3","2011-09-08","null","Team responsible for operations activities","Active"
"507","Wealth Management Team 507","ADVH2VH6","7","2020-02-18","null","Team responsible for wealth management activities","Active"
"508","Investment Banking Team 508","ADVDG7F4","6","2024-03-10","null","Team responsible for investment banking activities","Active"
"509","Operations Team 509","ADV70H0J","3","2022-09-05","null","Team responsible for operations activities","Active"
"510","Finance Team 510","ADVY2NXJ","5","2012-04-06","null","Team responsible for finance activities","Active"
"511","Compliance Team 511","ADVC5130","2","2004-08-29","null","Team responsible for compliance activities","Active"
"512","Technology Team 512","ADVRB472","10","2022-03-16","null","Team responsible for technology activities","Active"
"513","Human Resources Team 513","ADVK0BPC","9","2024-01-12","null","Team responsible for human resources activities","Active"
"514","Research Team 514","ADVDBJJH","4","2023-10-16","null","Team responsible for research activities","Active"
"515","Finance Team 515","ADVXEM3F","5","2019-01-12","null","Team responsible for finance activities","Active"
"516","Finance Team 516","ADVWTV74","5","2024-01-23","null","Team responsible for finance activities","Active"
"517","Operations Team 517","ADVLRJZM","3","2015-02-04","null","Team responsible for operations activities","Active"
"518","Finance Team 518","ADVV3F3F","5","2017-05-13","null","Team responsible for finance activities","Active"
"519","Wealth Management Team 519","ADV7W86N","7","2012-03-15","null","Team responsible for wealth management activities","Active"
"520","Legal Team 520","ADVU1PCM","1","2024-05-31","null","Team responsible for legal activities","Active"
"521","Compliance Team 521","ADVHZZ3R","2","2023-11-10","null","Team responsible for compliance activities","Active"
"522","Investment Banking Team 522","ADVZ9TUW","6","2012-11-08","null","Team responsible for investment banking activities","Active"
"523","Finance Team 523","ADVKO0JL","5","2023-03-28","null","Team responsible for finance activities","Active"
"524","Legal Team 524","ADVM3G7N","1","2025-04-15","null","Team responsible for legal activities","Active"
"525","Finance Team 525","ADVLR6CZ","5","2025-04-27","null","Team responsible for finance activities","Active"
"526","Research Team 526","ADVZGOR5","4","2010-08-29","null","Team responsible for research activities","Active"
"527","Human Resources Team 527","ADV7R54V","9","2015-07-06","null","Team responsible for human resources activities","Active"
"528","Research Team 528","ADVDG7F4","4","2023-07-25","null","Team responsible for research activities","Active"
"529","Research Team 529","ADVFYS3J","4","2024-04-28","null","Team responsible for research activities","Active"
"530","Technology Team 530","ADVP2PL3","10","2024-05-23","null","Team responsible for technology activities","Active"
"531","Legal Team 531","ADVK0BPC","1","2020-04-10","null","Team responsible for legal activities","Active"
"532","Legal Team 532","ADVPRCFX","1","2013-08-25","null","Team responsible for legal activities","Active"
"533","Marketing Team 533","ADVH0YYT","8","2004-10-13","null","Team responsible for marketing activities","Active"
"534","Marketing Team 534","ADV6GYJU","8","2018-11-06","null","Team responsible for marketing activities","Active"
"535","Marketing Team 535","ADV49SPE","8","2022-07-11","null","Team responsible for marketing activities","Active"
"536","Compliance Team 536","ADVQL945","2","2022-11-27","null","Team responsible for compliance activities","Active"
"537","Operations Team 537","ADVMTNTX","3","2013-12-02","null","Team responsible for operations activities","Active"
"538","Technology Team 538","ADVB1UZL","10","2021-04-17","null","Team responsible for technology activities","Active"
"539","Finance Team 539","ADVQNOMP","5","2022-01-04","null","Team responsible for finance activities","Active"
"540","Marketing Team 540","ADV4EO3K","8","2022-05-19","null","Team responsible for marketing activities","Active"
"541","Legal Team 541","ADVSJIJS","1","2010-10-21","null","Team responsible for legal activities","Active"
"542","Marketing Team 542","ADVMGGAE","8","2014-03-11","null","Team responsible for marketing activities","Active"
"543","Operations Team 543","ADVMW8D1","3","2018-04-24","2019-09-23","Team responsible for operations activities","Inactive"
"544","Human Resources Team 544","ADVXWMV1","9","2023-03-14","null","Team responsible for human resources activities","Active"
"545","Legal Team 545","ADVJB8FY","1","2025-04-11","null","Team responsible for legal activities","Active"
"546","Technology Team 546","ADVMTNTX","10","2003-10-06","null","Team responsible for technology activities","Active"
"547","Marketing Team 547","ADV7IWS4","8","2014-06-03","null","Team responsible for marketing activities","Active"
"548","Legal Team 548","ADVCN17R","1","2025-04-18","null","Team responsible for legal activities","Active"
"549","Technology Team 549","ADV6HZQ9","10","2025-03-03","null","Team responsible for technology activities","Active"
"550","Research Team 550","ADVH31K5","4","2020-09-18","null","Team responsible for research activities","Active"
"551","Marketing Team 551","ADV1WZAT","8","2015-03-31","null","Team responsible for marketing activities","Active"
"552","Marketing Team 552","ADVDT1EG","8","2009-08-11","2024-07-21","Team responsible for marketing activities","Inactive"
"553","Wealth Management Team 553","ADVW84SG","7","2007-06-07","null","Team responsible for wealth management activities","Active"
"554","Legal Team 554","ADVA6ZIS","1","2017-06-10","null","Team responsible for legal activities","Active"
"555","Human Resources Team 555","ADV8N2D7","9","2024-01-15","null","Team responsible for human resources activities","Active"
"556","Human Resources Team 556","ADVDA2RN","9","2019-09-25","null","Team responsible for human resources activities","Active"
"557","Finance Team 557","ADVIGO3H","5","2021-03-22","null","Team responsible for finance activities","Active"
"558","Operations Team 558","ADVDMHJ4","3","2019-06-13","null","Team responsible for operations activities","Active"
"559","Operations Team 559","ADV1HXK4","3","2020-01-02","null","Team responsible for operations activities","Active"
"560","Legal Team 560","ADVR3VT8","1","2017-09-01","null","Team responsible for legal activities","Active"
"561","Wealth Management Team 561","ADVOT5VD","7","2020-08-11","null","Team responsible for wealth management activities","Active"
"562","Finance Team 562","ADVH6V1J","5","2025-04-17","null","Team responsible for finance activities","Active"
"563","Wealth Management Team 563","ADVY2NXJ","7","2017-09-08","null","Team responsible for wealth management activities","Active"
"564","Investment Banking Team 564","ADVMU6FG","6","2022-01-08","null","Team responsible for investment banking activities","Active"
"565","Compliance Team 565","ADVETAGH","2","2019-05-25","null","Team responsible for compliance activities","Active"
"566","Operations Team 566","ADVN6ZV9","3","2024-05-26","null","Team responsible for operations activities","Active"
"567","Compliance Team 567","ADVOUO2Q","2","2023-12-01","null","Team responsible for compliance activities","Active"
"568","Operations Team 568","ADV76CI5","3","2011-06-28","2011-08-27","Team responsible for operations activities","Inactive"
"569","Research Team 569","ADV3E3R1","4","2024-04-05","2024-10-23","Team responsible for research activities","Inactive"
"570","Operations Team 570","ADVG9DDV","3","2019-08-18","null","Team responsible for operations activities","Active"
"571","Compliance Team 571","ADV000MB","2","2015-03-09","null","Team responsible for compliance activities","Active"
"572","Finance Team 572","ADVQBW8C","5","2017-12-12","null","Team responsible for finance activities","Active"
"573","Research Team 573","ADVAOQTR","4","2012-12-25","null","Team responsible for research activities","Active"
"574","Compliance Team 574","ADVXEQU2","2","2025-04-23","null","Team responsible for compliance activities","Active"
"575","Compliance Team 575","ADVITZPJ","2","2008-04-02","null","Team responsible for compliance activities","Active"
"576","Research Team 576","ADV77G1P","4","2014-04-09","null","Team responsible for research activities","Active"
"577","Compliance Team 577","ADVT8J9L","2","2021-01-17","null","Team responsible for compliance activities","Active"
"578","Human Resources Team 578","ADV76CI5","9","2022-02-18","null","Team responsible for human resources activities","Active"
"579","Research Team 579","ADVTHBZ5","4","2021-03-13","null","Team responsible for research activities","Active"
"580","Human Resources Team 580","ADVJ41FE","9","2010-09-22","2011-01-06","Team responsible for human resources activities","Inactive"
"581","Compliance Team 581","ADVX7R7J","2","2017-07-20","null","Team responsible for compliance activities","Active"
"582","Wealth Management Team 582","ADVPTFET","7","2024-07-25","null","Team responsible for wealth management activities","Active"
"583","Marketing Team 583","ADVI09MT","8","2022-10-28","null","Team responsible for marketing activities","Active"
"584","Compliance Team 584","ADVXTXTS","2","2017-01-10","null","Team responsible for compliance activities","Active"
"585","Investment Banking Team 585","ADV4II63","6","2023-03-05","null","Team responsible for investment banking activities","Active"
"586","Compliance Team 586","ADVB6TML","2","2018-12-19","null","Team responsible for compliance activities","Active"
"587","Investment Banking Team 587","ADV941KP","6","2009-12-31","null","Team responsible for investment banking activities","Active"
"588","Technology Team 588","ADVP1PFD","10","2022-04-26","null","Team responsible for technology activities","Active"
"589","Compliance Team 589","ADV42LPI","2","2014-05-21","null","Team responsible for compliance activities","Active"
"590","Wealth Management Team 590","ADVM59PD","7","2008-09-24","null","Team responsible for wealth management activities","Active"
"591","Technology Team 591","ADVUH0Q7","10","2005-08-05","null","Team responsible for technology activities","Active"
"592","Wealth Management Team 592","ADVIT2UR","7","2016-10-16","null","Team responsible for wealth management activities","Active"
"593","Finance Team 593","ADVJAAG8","5","2024-05-31","null","Team responsible for finance activities","Active"
"594","Investment Banking Team 594","ADVZ7ZOW","6","2023-12-31","null","Team responsible for investment banking activities","Active"
"595","Marketing Team 595","ADVCABJX","8","2025-04-04","2025-04-07","Team responsible for marketing activities","Inactive"
"596","Marketing Team 596","ADVIOGRP","8","2015-03-04","null","Team responsible for marketing activities","Active"
"597","Legal Team 597","ADVTP55Z","1","2024-04-18","null","Team responsible for legal activities","Active"
"598","Investment Banking Team 598","ADV5GADR","6","2023-10-04","null","Team responsible for investment banking activities","Active"
"599","Marketing Team 599","ADV2TX9S","8","2016-02-17","null","Team responsible for marketing activities","Active"
"600","Legal Team 600","ADV0MYOE","1","2020-09-26","null","Team responsible for legal activities","Active"
"601","Finance Team 601","ADVTITKQ","5","2016-09-30","null","Team responsible for finance activities","Active"
"602","Marketing Team 602","ADVZHAK4","8","2025-04-14","null","Team responsible for marketing activities","Active"
"603","Finance Team 603","ADVH13WS","5","2011-04-27","null","Team responsible for finance activities","Active"
"604","Operations Team 604","ADVXLIM5","3","2017-07-11","null","Team responsible for operations activities","Active"
"605","Operations Team 605","ADVQO7RM","3","2009-08-13","null","Team responsible for operations activities","Active"
"606","Wealth Management Team 606","ADV5LYMQ","7","2023-05-15","null","Team responsible for wealth management activities","Active"
"607","Marketing Team 607","ADVWOL1A","8","2021-09-02","null","Team responsible for marketing activities","Active"
"608","Finance Team 608","ADV5H02C","5","2016-07-14","null","Team responsible for finance activities","Active"
"609","Finance Team 609","ADVYFDVW","5","2014-05-07","null","Team responsible for finance activities","Active"
"610","Wealth Management Team 610","ADVDU3QK","7","2020-10-05","null","Team responsible for wealth management activities","Active"
"611","Compliance Team 611","ADV7SN0H","2","2011-10-25","null","Team responsible for compliance activities","Active"